exchange,name,countryName,countryCode,symbolSuffix,delay,num_symbols
NASDAQ,NASDAQ,United States of America,US,N/A,Real-time,5778
BSE,Bombay Stock Exchange,India,IN,.BO,15 min,4092
JPX,Tokyo Stock Exchange,Japan,JP,.T,20 min,4024
LSE,London Stock Exchange,United Kingdom,UK,.L,15 min,3303
NYSE,New York Stock Exchange,United States of America,US,N/A,Real-time,3031
HKSE,Hong Kong Stock Exchange,Hong Kong,HK,.HK,15 min,2799
NSE,National Stock Exchange of India,India,IN,.NS,15 min,2483
SHZ,Shenzhen Stock Exchange,China,CN,.SZ,15 min,2478
ASX,Australian Securities Exchange,Australia,AU,.AX,20 min,2395
SHH,Shanghai Stock Exchange,China,CN,.SS,15 min,2054
TWO,Taipei Exchange,Taiwan,TW,.TWO,20 min,1149
TAI,Taiwan Stock Exchange,Taiwan,TW,.TW,20 min,1060
TSXV,Toronto Stock Exchange Ventures,Canada,CA,.V,Real-time,1058
XETRA,Deutsche Börse,Germany,DE,.DE,15 min,1038
KSC,Korea Exchange,South Korea,KR,.KS,20 min,1023
TSX,Toronto Stock Exchange,Canada,CA,.TO,Real-time,1003
SET,Stock Exchange of Thailand,Thailand,TH,.BK,15 min,1000
STO,Stockholm Stock Exchange,Sweden,SE,.ST,Real-time,953
PAR,Euronext Paris,France,FR,.PA,15 min,914
JKT,Indonesia Stock Exchange,Indonesia,ID,.JK,10 min,888
CNQ,Canadian Securities Exchange,Canada,CA,.CN,Real-time,772
TLV,Tel Aviv Stock Exchange,Israel,IL,.TA,15 min,577
SAO,B3 S.A.,Brazil,BR,.SA,15 min,492
WSE,Warsaw Stock Exchange,Poland,PL,.WA,Real-time,451
KOE,KOSDAQ,South Korea,KR,.KQ,20 min,422
SIX,Swiss Exchange,Switzerland,CH,.SW,15 min,416
SAU,Saudi Exchange,Saudi Arabia,SA,.SR,15 min,396
AMEX,New York Stock Exchange Arca,United States of America,US,N/A,Real-time,343
OSL,Oslo Stock Exchange,Norway,NO,.OL,15 min,328
SES,Stock Exchange of Singapore,Singapore,SG,.SI,10 min,325
KLS,Malaysian Stock Exchange,Malaysia,MY,.KL,15 min,315
