factor,ashare,global,group
skew127,0.3110382471466036,0.16902128962951105,new
corr7,0.30688739462972003,0.1885444136034229,current24
amihud127,0.29764683872221653,0.21955758440544368,new
atr3,0.26883127405266355,0.2664964463229008,current24
amihud31,0.26462745142427174,0.239097880239609,new
atr31,0.2602679343464422,0.27792675782191195,new
atr7,0.2536280035831637,0.2957321190498115,current24
skew31,0.2521774965354111,0.18998668946464325,new
vma31_127,0.2358784342642816,0.1135311257178346,new
aplha22_7_31,0.22754999632945702,0.109681846586502,current24
overnight127,0.22754538353629544,0.13807332975583034,new
ma127,0.2262021918936435,0.13816821216569228,new
obv7,0.2225205306944929,0.12824139729375889,current24
obv31,0.2154990762102896,0.22135935798062037,current24
amihud7,0.2149364950167883,0.25213398677759913,new
alpha128_gtja,0.2145829656168131,0.15030779216012022,current24
alpha15_wq,0.1904014027181404,0.07395237973877489,current24
overnight7,0.19022103285958702,0.15869926727633132,current24
ma7,0.1812060493376889,0.15893558496106522,current24
overnight31,0.1795122589220441,0.13648320222419869,current24
mom7,0.17925803408125257,0.1382744298424729,new
ma31,0.17586537560542415,0.13734017509735477,current24
mom31,0.17404747431393366,0.1630911851659543,new
std127,0.16783607112307455,0.2599234029424543,new
maspread3_7,0.16249599402022633,0.12945738022916375,new
std31,0.15724689468081418,0.25687257516304024,new
atr127,0.15625437954001248,0.2683405301748068,new
rsi127,0.15620644722860313,0.16010767804384102,new
corr3,0.15526685540140125,0.11312447134954587,current24
mom127,0.1505890332885163,0.13971626388621225,new
rank31,0.1451635994859713,0.12728409949669875,new
corr31,0.14429024259606654,0.254294301630395,current24
maspread31_127,0.1434483253212519,0.14509517887563314,new
obv3,0.14336715892533766,0.1111875575588804,current24
mom3,0.14256936045006485,0.12967743836366205,new
rank7,0.13750288446892864,0.13708949809217733,new
maspread7_31,0.13249598060663278,0.13169383594359726,new
std3,0.1306901491575742,0.24385374973594084,new
std7,0.12821288607656425,0.2819337478071952,new
rank127,0.1257787090224203,0.12304403046973138,new
rsi31,0.121842843772675,0.1346428695072338,current24
rsv127,0.12136976619081859,0.13376696194855478,new
rsv31,0.1149461472426618,0.11428154163641853,new
overnight3,0.11431583306779014,0.1525816303900032,current24
alpha101_gtja,0.11074338843640814,0.10976893377287096,current24
ma3,0.09820231123946736,0.16861511132684995,current24
mom1,0.09182405103331008,0.16138242106640982,new
rsi3,0.08881795115610286,0.1218348131419084,current24
rsi7,0.08593113263260922,0.12488463434521456,new
corr127,0.08463032381528407,0.17705875365605897,new
curvature,0.07831819062650376,0.12522026120931926,current24
factor,0.07603836356252933,0.10999014783389059,current24
rsv7,0.07601140798619159,0.11841327746551802,new
obv127,0.07583024680728859,0.2503251643527565,new
vma_3_7,0.07574881663355529,0.07135319481003083,current24
vma3_7,0.07574881663355529,0.07135319481003083,new
aplha22_3_7,0.06817112415120405,0.1152780126362927,current24
vma7_31,0.05569894283909416,0.12006751635065431,new
