factor,group,h,ic,icir,t,n_dates
ma3,current24,1,0.01796609435160723,0.12407884885807557,1.0231803994937896,68
ma3,current24,3,0.016025720746952958,0.10296871068338878,0.8491017405625552,68
ma3,current24,7,0.02914045404992004,0.18909007087886992,1.5592766699782215,68
ma3,current24,31,0.033385621771109604,0.24745516969321213,2.0405676045005117,68
ma3,current24,127,0.015380279185585566,0.11549569163266206,0.9524018718104631,68
ma7,current24,1,0.03454397490710133,0.2040872743581021,1.6829467780457312,68
ma7,current24,3,0.03273463711616025,0.1665150787668778,1.3731185160277635,68
ma7,current24,7,0.04160715246781519,0.2276152492778153,1.8769634295474527,68
ma7,current24,31,0.05718635242263414,0.3496031248430956,2.8829012215481615,68
ma7,current24,127,0.03512292693349207,0.2516659063285241,2.07529022831861,68
ma31,current24,1,0.003457218642785346,0.017590428062751347,0.14505438580510568,68
ma31,current24,3,0.015570898022928648,0.07264802291331794,0.5990709439278038,68
ma31,current24,7,0.03668021040607189,0.17637035282762759,1.454387187871526,68
ma31,current24,31,0.06398475777703967,0.31967035281738365,2.636069260089074,68
ma31,current24,127,0.039093174877874594,0.2345609025174434,1.9342387534392533,68
rsi3,current24,1,-0.021901920229571575,-0.18195782606075,-1.5004626725124763,68
rsi3,current24,3,-0.02339087997914693,-0.15971517155188303,-1.317045044644117,68
rsi3,current24,7,-0.02418802208581304,-0.161081915064704,-1.3283155003770948,68
rsi3,current24,31,-0.02764304506423706,-0.20279719092372314,-1.6723084775141233,68
rsi3,current24,127,-0.012390556862385655,-0.1008857505777006,-0.8319252115031551,68
rsi31,current24,1,0.014797604975081742,0.09648611965358939,0.7956449254754663,68
rsi31,current24,3,-0.012393972616393804,-0.07376574774504038,-0.6082879390109385,68
rsi31,current24,7,-0.029874973112172888,-0.16804303908567925,-1.385718399600105,68
rsi31,current24,31,-0.054569315074520015,-0.29301949969341334,-2.41630069520317,68
rsi31,current24,127,-0.023025357996253198,-0.1361328014184412,-1.1225798387189334,68
atr3,current24,1,-0.026549137648167784,-0.15521787067153608,-1.2799593515244099,68
atr3,current24,3,-0.060188460925545376,-0.2984915512338041,-2.4614243881828797,68
atr3,current24,7,-0.039692293429155194,-0.18731305896465458,-1.5446230543376398,68
atr3,current24,31,-0.04343779009146296,-0.2124606293578319,-1.7519952322550907,68
atr3,current24,127,-0.06589065981943909,-0.3904081381788345,-3.219387981624139,68
atr7,current24,1,-0.022566750663728992,-0.12528645730401763,-1.0331385938478037,68
atr7,current24,3,-0.06099230317199176,-0.29299168123214764,-2.4160712982948884,68
atr7,current24,7,-0.04014379370175414,-0.18456770319057328,-1.5219842706647666,68
atr7,current24,31,-0.040172615845325485,-0.18474482533324382,-1.5234448572704995,68
atr7,current24,127,-0.06238353759860821,-0.3442020185708355,-2.8383625582367324,68
obv3,current24,1,-0.0318131645391784,-0.24070391558344176,-1.9848953369005744,68
obv3,current24,3,-0.03891452754360124,-0.23391568189987166,-1.9289181279231042,68
obv3,current24,7,-0.04657349269227019,-0.2851686385316522,-2.3515608355591686,68
obv3,current24,31,-0.04928350479457261,-0.3304649026876376,-2.7250833986811824,68
obv3,current24,127,-0.02504878856964374,-0.196522278927374,-1.6205642276093175,68
obv7,current24,1,-0.042050457889461046,-0.2439442008783798,-2.011615413956905,68
obv7,current24,3,-0.042828080687761755,-0.23764783354323452,-1.9596942387959193,68
obv7,current24,7,-0.04571127936875691,-0.2746485810895073,-2.2648102195161117,68
obv7,current24,31,-0.05185956616583303,-0.3320395741605468,-2.738068472298086,68
obv7,current24,127,-0.040036648065156416,-0.2967513401539946,-2.4470742399970304,68
obv31,current24,1,0.008395387009464458,0.058627061401720554,0.48345113335773204,68
obv31,current24,3,-0.01837058685711003,-0.12475661419890262,-1.028769395673015,68
obv31,current24,7,-0.03879972790502002,-0.25378537598192596,-2.0927678228211444,68
obv31,current24,31,-0.060865675542265484,-0.4086294803141315,-3.3696450181528332,68
obv31,current24,127,-0.05139068082888136,-0.3827565147731425,-3.1562910786059057,68
corr3,current24,1,-0.005241170268332751,-0.06362086825656321,-0.5246311196306316,68
corr3,current24,3,-0.006839373784208068,-0.07636171785382073,-0.6296948569298337,68
corr3,current24,7,-0.010652279913819796,-0.10466855290233308,-0.8631189985937384,68
corr3,current24,31,-0.015932809401987713,-0.16954555856589934,-1.3981084926430962,68
corr3,current24,127,-0.024482756789481714,-0.3171847189981253,-2.6155721985222544,68
corr7,current24,1,-0.01465996024485899,-0.1268896243388678,-1.046358647888195,68
corr7,current24,3,-0.038400691577165226,-0.3531439980785712,-2.9121000102617387,68
corr7,current24,7,-0.04667678308753829,-0.4506548763311481,-3.7161953116259756,68
corr7,current24,31,-0.05850080636094103,-0.5151972374162405,-4.248425255787157,68
corr7,current24,127,-0.04881840939798991,-0.48623097749390287,-4.00956335730937,68
corr31,current24,1,0.0028616240916880123,0.01951536558801655,0.16092782728387267,68
corr31,current24,3,-0.015741622566608028,-0.10578925220289688,-0.8723605217752993,68
corr31,current24,7,-0.023018537352242657,-0.15568227283533706,-1.2837889098726434,68
corr31,current24,31,-0.030656972671263744,-0.21295001808386615,-1.7560308350739422,68
corr31,current24,127,-0.03346900096315467,-0.29374257987381375,-2.422263367122333,68
curvature,current24,1,-0.03033354543491741,-0.19432703065034035,-1.6024617465679878,68
curvature,current24,3,-0.005914426694776634,-0.03658185082177692,-0.30166166983754894,68
curvature,current24,7,0.00015027003839571747,0.0009159717625891669,0.007553296654476636,68
curvature,current24,31,-0.014347298797567225,-0.10339241346191902,-0.852595683182051,68
curvature,current24,127,-0.01970823716914526,-0.17162497372888033,-1.4152557893560593,68
vma_3_7,current24,1,-0.023653410525837627,-0.22375101521979723,-1.8450981391808177,68
vma_3_7,current24,3,-0.007781025515661836,-0.06680305953325824,-0.5508721411400972,68
vma_3_7,current24,7,-0.0021322113787240323,-0.01775406616799202,-0.14640378018967215,68
vma_3_7,current24,31,-0.009504471249538102,-0.09073760839027194,-0.748241487218045,68
vma_3_7,current24,127,-0.022755133712117685,-0.23165593343778898,-1.9102837647301163,68
factor,current24,1,-0.014998271311088355,-0.15617593588914527,-1.287859759701276,68
factor,current24,3,-0.0004822461501778193,-0.004188045141475998,-0.034535504966320796,68
factor,current24,7,0.003070987259520117,0.025696227800024275,0.211896522798866,68
factor,current24,31,-0.005166532809038296,-0.04455503287175192,-0.3674102133662003,68
factor,current24,127,-0.017697719278576756,-0.17767581241055794,-1.4651522833723192,68
overnight3,current24,1,0.016339602809128745,0.11699549845533866,0.9647695957062983,68
overnight3,current24,3,0.018600849816476268,0.13040004289411913,1.0753063008750536,68
overnight3,current24,7,0.03421847813587666,0.24413739596003248,2.0132085414129124,68
overnight3,current24,31,0.0436461287269722,0.34278142680046714,2.8266480583965086,68
overnight3,current24,127,0.027837621005648808,0.22321370228430992,1.840667343206768,68
overnight7,current24,1,0.03359261478119544,0.19744452230524864,1.6281692413283246,68
overnight7,current24,3,0.031387654394059605,0.15804576371835838,1.303278754984406,68
overnight7,current24,7,0.04167037458049211,0.22579443978463515,1.8619486498184348,68
overnight7,current24,31,0.06036852383401072,0.3701639908732508,3.0524504663411696,68
overnight7,current24,127,0.039364942744935474,0.2796324439295877,2.3059082053425963,68
overnight31,current24,1,0.0027437165935819425,0.01395466219541799,0.11507309240304403,68
overnight31,current24,3,0.015177270640347991,0.07075210108607127,0.5834367720244997,68
overnight31,current24,7,0.03632902501987263,0.17472698405484846,1.440835621807506,68
overnight31,current24,31,0.06433864846283503,0.3217938662494628,2.653580200444835,68
overnight31,current24,127,0.04051345312565325,0.24325250002932328,2.005911502632926,68
alpha15_wq,current24,1,-0.012496703578865466,-0.12932525502916828,-1.0664433730904048,68
alpha15_wq,current24,3,0.0019013820947632403,0.018015428601656853,0.14855903003080934,68
alpha15_wq,current24,7,0.0019684980927553,0.022128368574328202,0.18247520190910735,68
alpha15_wq,current24,31,0.006506563612141281,0.06877089297100873,0.5670993113750322,68
alpha15_wq,current24,127,0.016621838481595156,0.1903509985786711,1.5696745461633164,68
alpha128_gtja,current24,1,0.03279469656789877,0.19279779600717378,1.5898513546477286,68
alpha128_gtja,current24,3,0.03717755058217987,0.2055876373271961,1.6953190880424112,68
alpha128_gtja,current24,7,0.035420636693852495,0.21995020521661238,1.8137558569687466,68
alpha128_gtja,current24,31,0.0400350651389501,0.28098097963427054,2.3170285156432446,68
alpha128_gtja,current24,127,0.033818524880350836,0.268182932471748,2.211493115137811,68
alpha101_gtja,current24,1,0.0004604163097816201,0.0026312897530712197,0.021698171167036102,68
alpha101_gtja,current24,3,-0.007033071296263891,-0.03799870336780989,-0.31334533524398744,68
alpha101_gtja,current24,7,-0.0238594194655924,-0.12597683534032003,-1.0388315969783666,68
alpha101_gtja,current24,31,-0.044980904404321995,-0.2324804827766331,-1.9170831727652913,68
alpha101_gtja,current24,127,-0.026639456844676914,-0.16187380569495963,-1.3348455978020561,68
aplha22_3_7,current24,1,-0.0013998669279924078,-0.018199605288659004,-0.15007778989938172,68
aplha22_3_7,current24,3,-0.012548750872203645,-0.1390064344281389,-1.146276423575424,68
aplha22_3_7,current24,7,-0.006582902959347339,-0.0689752323624862,-0.5687843371641045,68
aplha22_3_7,current24,31,-0.010045608468983225,-0.10599961369439662,-0.874095207073331,68
aplha22_3_7,current24,127,0.0013268491367819984,0.015346055150222884,0.1265468126418457,68
aplha22_7_31,current24,1,0.018668250682502368,0.21616256760065888,1.782522197044469,68
aplha22_7_31,current24,3,0.022771876037881802,0.27456582045124783,2.264127757809737,68
aplha22_7_31,current24,7,0.02317860842023122,0.27212489636927745,2.2439993821815816,68
aplha22_7_31,current24,31,0.03056774671141147,0.3156214634626309,2.602681263136905,68
aplha22_7_31,current24,127,0.014494057963725724,0.16568722933111654,1.36629189469626,68
mom1,new,1,-0.024806550442234256,-0.1676910224187589,-1.3828155958007242,68
mom1,new,3,-0.009496459438390597,-0.06149667369816861,-0.5071145625633853,68
mom1,new,7,-0.01871652791282278,-0.11676270130493663,-0.9628499012253976,68
mom1,new,31,-0.027819102471425744,-0.21436977491964831,-1.7677384498671873,68
mom1,new,127,-0.0180095710689025,-0.14783253848901118,-1.2190583421867627,68
mom3,new,1,-0.030585947592053398,-0.2298356125000429,-1.8952730137324152,68
mom3,new,3,-0.035153086203856876,-0.20745913190852475,-1.7107518277155893,68
mom3,new,7,-0.04479834361844309,-0.26521748947583096,-2.187039445739982,68
mom3,new,31,-0.05135306082397947,-0.3260417130127439,-2.688608842217726,68
mom3,new,127,-0.021826271616326248,-0.16425125899890644,-1.354450579986349,68
mom7,new,1,-0.03718686138305254,-0.2006459691963994,-1.6545690487023645,68
mom7,new,3,-0.03312313737020353,-0.16554635743027415,-1.3651302352425507,68
mom7,new,7,-0.0362940759065023,-0.1958594861527589,-1.615098698374049,68
mom7,new,31,-0.04980156470896186,-0.30179275520752835,-2.4886468135336273,68
mom7,new,127,-0.035696428508492355,-0.25640652067515884,-2.1143823356815967,68
mom31,new,1,0.00960646139409406,0.05444671258662155,0.4489790939245744,68
mom31,new,3,-0.019634205468867898,-0.1022235187451771,-0.8429567304173441,68
mom31,new,7,-0.04193881258338019,-0.21615381686923718,-1.7824500366645628,68
mom31,new,31,-0.06953526859952736,-0.35607469681270937,-2.9362671711371697,68
mom31,new,127,-0.037606969070852474,-0.2251857944026855,-1.856929631421789,68
mom127,new,1,0.004729712408265772,0.027428113976358644,0.22617802207201343,68
mom127,new,3,-0.012836763583369458,-0.06475385099375883,-0.5339739346255495,68
mom127,new,7,-0.021622716670755847,-0.10810318543458441,-0.8914417040250482,68
mom127,new,31,-0.05020806542810544,-0.27252490267892054,-2.247297918712725,68
mom127,new,127,-0.03483902531693933,-0.1946557160706748,-1.6051721559792667,68
ma127,new,1,0.002108575539153538,0.01166180806599897,0.09616573288358751,68
ma127,new,3,0.025939470305084002,0.12235763269333051,1.008986887390261,68
ma127,new,7,0.04421833883352663,0.20375119985949,1.680175436734023,68
ma127,new,31,0.07116977233661438,0.34858286862398147,2.87448797323496,68
ma127,new,127,0.041273028646614814,0.23339316129740661,1.9246093126520545,68
std3,new,1,-0.009923482026318445,-0.06872151046383558,-0.5666920927887668,68
std3,new,3,-0.02895361813543457,-0.16391989675138469,-1.3517180968926006,68
std3,new,7,-0.011767192176253613,-0.06662732714101194,-0.5494230147099491,68
std3,new,31,-0.01798801614014712,-0.11155061093400775,-0.9198699029661885,68
std3,new,127,-0.04182616726990222,-0.29389081483862894,-2.423485743957018,68
std7,new,1,-0.011102655264081069,-0.060947258672918746,-0.5025839702005721,68
std7,new,3,-0.03895896619589271,-0.18594248558518786,-1.5333210167152376,68
std7,new,7,-0.020573070246821732,-0.09998536396053316,-0.8245004332502072,68
std7,new,31,-0.015575340774838612,-0.08176530457793216,-0.674253974571227,68
std7,new,127,-0.028217075055489354,-0.18048575132264466,-1.4883236332444527,68
std31,new,1,-0.030241374978003527,-0.16049302124116602,-1.3234593575036526,68
std31,new,3,-0.05420075076044096,-0.25782273275517154,-2.126060719669933,68
std31,new,7,-0.0255968321528719,-0.11932988588176162,-0.9840194475668096,68
std31,new,31,-0.011981183942966864,-0.0574158773127967,-0.473463453496331,68
std31,new,127,-0.049900252689755994,-0.29199854335969033,-2.4078816735970032,68
std127,new,1,-0.03414937145448167,-0.1830109574414358,-1.5091470163529166,68
std127,new,3,-0.04428656784232836,-0.2015376299133363,-1.6619218713386539,68
std127,new,7,-0.018512635590849747,-0.07978374391659615,-0.6579136067507129,68
std127,new,31,0.010052334479549332,0.04574767592115375,0.3772449998988852,68
std127,new,127,-0.03870241653266942,-0.2170566611148056,-1.789895081040482,68
rsi7,new,1,-0.02505432733773974,-0.14801320686854796,-1.2205481718108413,68
rsi7,new,3,-0.0182413539432105,-0.10378569293609305,-0.8558387488068647,68
rsi7,new,7,-0.015755367276473847,-0.0932426423064248,-0.7688985260821508,68
rsi7,new,31,-0.02058878237138194,-0.1234651424540345,-1.0181196468398312,68
rsi7,new,127,-0.0134796531191872,-0.09214454870340821,-0.7598434142580458,68
rsi127,new,1,0.0054772276218422586,0.033568912668785325,0.27681634534107347,68
rsi127,new,3,-0.019094955845407758,-0.10341564541038006,-0.8527872587368386,68
rsi127,new,7,-0.023461163819359056,-0.12597067705811463,-1.0387808144823558,68
rsi127,new,31,-0.054020126966302,-0.3196481631162103,-2.6358862791255966,68
rsi127,new,127,-0.03193804741921721,-0.18010816745239971,-1.4852099968853538,68
atr31,new,1,-0.036491337747843106,-0.18287270814622084,-1.5080069834592393,68
atr31,new,3,-0.06937745370593497,-0.3089763537489943,-2.547884284650621,68
atr31,new,7,-0.03817090248988329,-0.1598119589073775,-1.3178431736239733,68
atr31,new,31,-0.03108067615830712,-0.12495255712743997,-1.0303851824549197,68
atr31,new,127,-0.072384693697048,-0.3585395784332685,-2.9565931056895876,68
atr127,new,1,-0.03519478679882685,-0.1735261490998639,-1.4309332830908357,68
atr127,new,3,-0.04910298196458421,-0.21559407231357489,-1.7778342648118426,68
atr127,new,7,-0.010644094110116464,-0.044953735714611455,-0.37069800123488805,68
atr127,new,31,0.020040244457686037,0.08477485219237979,0.6990713399706135,68
atr127,new,127,-0.03879919779854489,-0.17885659871809834,-1.4748892967068634,68
obv127,new,1,-0.019645953472442634,-0.13041378549445157,-1.0754196252605361,68
obv127,new,3,-0.014749905262497538,-0.0812696684981194,-0.6701668547533569,68
obv127,new,7,0.013064563042648528,0.06962521106790376,0.5741441988777819,68
obv127,new,31,0.05989196595263818,0.3535112524953573,2.9151284677655056,68
obv127,new,127,0.03132829956497241,0.18916902682403022,1.5599277573815542,68
corr127,new,1,0.002349411603187651,0.018266528844665987,0.1506296556798992,68
corr127,new,3,-0.02567482895112062,-0.1876512604694437,-1.5474119353916165,68
corr127,new,7,-0.02762842767240353,-0.20873135032635348,-1.7212428095467174,68
corr127,new,31,-0.02897571061124088,-0.21264631784631144,-1.7535264587580155,68
corr127,new,127,-0.01372429045323206,-0.10523421524529077,-0.8677835697706363,68
overnight127,new,1,0.002138551129529004,0.011823595484582283,0.09749986611501757,68
overnight127,new,3,0.026189275135441392,0.12353636142729355,1.0187069335384211,68
overnight127,new,7,0.04433804359290468,0.2042380110984748,1.6841897850501673,68
overnight127,new,31,0.07149290286889923,0.3502374205122996,2.8881317576321615,68
overnight127,new,127,0.04166227764340917,0.23576108299328513,1.9441356951826523,68
vma3_7,new,1,-0.023653410525837627,-0.22375101521979723,-1.8450981391808177,68
vma3_7,new,3,-0.007781025515661836,-0.06680305953325824,-0.5508721411400972,68
vma3_7,new,7,-0.0021322113787240323,-0.01775406616799202,-0.14640378018967215,68
vma3_7,new,31,-0.009504471249538102,-0.09073760839027194,-0.748241487218045,68
vma3_7,new,127,-0.022755133712117685,-0.23165593343778898,-1.9102837647301163,68
vma7_31,new,1,0.01442524535706668,0.11670899093731428,0.962406994187602,68
vma7_31,new,3,-1.6071320885615523e-05,-0.00011497458699229535,-0.000948104732862,68
vma7_31,new,7,-0.01251158392978694,-0.0863229298520968,-0.7118371153859581,68
vma7_31,new,31,-0.027894690445462736,-0.22321802103518235,-1.8407029565388033,68
vma7_31,new,127,-0.018102107719296615,-0.1589760170357816,-1.3109498203570402,68
vma31_127,new,1,0.002010902586013526,0.014770448634414284,0.12180023971490045,68
vma31_127,new,3,-0.024014343532076453,-0.15950901495672365,-1.3153450338095978,68
vma31_127,new,7,-0.038405686392702865,-0.24290624237529757,-2.0030561888704725,68
vma31_127,new,31,-0.0729760486864327,-0.461925127148835,-3.8091321807230294,68
vma31_127,new,127,-0.06425002117173505,-0.4789535748961277,-3.949552358127828,68
rsv7,new,1,-0.025966369615125797,-0.17699086663387048,-1.459504075802113,68
rsv7,new,3,-0.0178895896829679,-0.11148128964653393,-0.919298264985472,68
rsv7,new,7,-0.02030940798993177,-0.1313750176167836,-1.0833461484027596,68
rsv7,new,31,-0.02694388861236664,-0.18145431628148817,-1.4963106245056204,68
rsv7,new,127,-0.01787020073309529,-0.13567121826603987,-1.1187735265342207,68
rsv31,new,1,-4.542842413803773e-05,-0.00026095212422016427,-0.0021518663427780756,68
rsv31,new,3,-0.008673240259668666,-0.047013639791479093,-0.3876844054100195,68
rsv31,new,7,-0.025859322101134532,-0.13684681338529675,-1.1284677322335344,68
rsv31,new,31,-0.046545657265679476,-0.23829010183181162,-1.9649905187834955,68
rsv31,new,127,-0.026656873661038704,-0.160739815425628,-1.3254944744843025,68
rsv127,new,1,0.00476314166943182,0.02726150953766703,0.22480416667516886,68
rsv127,new,3,-0.012362408213287789,-0.062030077653020765,-0.5115131242573404,68
rsv127,new,7,-0.02168104004443203,-0.11063017368635512,-0.9122797829785393,68
rsv127,new,31,-0.044517807412431915,-0.23863967743298492,-1.967873193039048,68
rsv127,new,127,-0.01748955027225335,-0.09915330845351059,-0.8176391277665452,68
rank7,new,1,-0.025004972184785354,-0.18375970602127895,-1.5153213553163654,68
rank7,new,3,-0.020595921259019795,-0.14043245008894015,-1.158035649961961,68
rank7,new,7,-0.023208215366824905,-0.1627472193602527,-1.3420479513957786,68
rank7,new,31,-0.030627916254730745,-0.22597179351002428,-1.8634111461041871,68
rank7,new,127,-0.019461358106970337,-0.16134430808453692,-1.3304792486494863,68
rank31,new,1,-0.006045909785847704,-0.03449538655155519,-0.28445624469714603,68
rank31,new,3,-0.014295134247284857,-0.07907244166190514,-0.6520480580950507,68
rank31,new,7,-0.027099375139399032,-0.14709038253794063,-1.2129383674328733,68
rank31,new,31,-0.04687087934099347,-0.25722995995058917,-2.1211725898993596,68
rank31,new,127,-0.02884220777554157,-0.19155064645118575,-1.5795670959471668,68
rank127,new,1,0.006275153896101397,0.037927681652038685,0.3127596751723129,68
rank127,new,3,-0.01533013952898011,-0.08114624213375903,-0.6691490548788693,68
rank127,new,7,-0.022729712120858038,-0.12044966501296964,-0.9932533828374757,68
rank127,new,31,-0.04912000835494012,-0.27129834586157986,-2.2371834720852912,68
rank127,new,127,-0.02833082784837979,-0.16718131709561582,-1.378612458030207,68
maspread3_7,new,1,-0.0329990900497098,-0.18159435502570567,-1.4974654135737955,68
maspread3_7,new,3,-0.034116019157042925,-0.1632389874977901,-1.3461031753445387,68
maspread3_7,new,7,-0.03246688781505827,-0.16847224919896173,-1.3892577568653992,68
maspread3_7,new,31,-0.044845177975115155,-0.26610510542323573,-2.194358914352248,68
maspread3_7,new,127,-0.03237636529526765,-0.23290695241598627,-1.9205999315036357,68
maspread7_31,new,1,0.010485820725814964,0.05882051676657852,0.48504640716403563,68
maspread7_31,new,3,-0.006040266610324397,-0.03136011762642188,-0.2586021548110632,68
maspread7_31,new,7,-0.025113021056236515,-0.12738486906632426,-1.0504425405318614,68
maspread7_31,new,31,-0.049916205529031206,-0.243639392574983,-2.0091019002959642,68
maspread7_31,new,127,-0.030380125771520865,-0.17675368153789245,-1.4575481973950335,68
maspread31_127,new,1,0.00605955450603603,0.0360219709212294,0.2970447819023135,68
maspread31_127,new,3,-0.009422681500723049,-0.04637362640965254,-0.3824067198598602,68
maspread31_127,new,7,-0.019929478627499546,-0.09364908922933213,-0.7722501732708591,68
maspread31_127,new,31,-0.04291052176916323,-0.2310201650839007,-1.9050410845771033,68
maspread31_127,new,127,-0.02422075797295717,-0.14485338852409518,-1.1944916422269551,68
skew31,new,1,-0.021588720566442694,-0.20536239076514132,-1.693461657308093,68
skew31,new,3,-0.024732732814472223,-0.2145553458519788,-1.7692687069772732,68
skew31,new,7,-0.03635347019712651,-0.30650042651339976,-2.527467265623222,68
skew31,new,31,-0.03721869855649247,-0.3030887547820839,-2.4993338998069237,68
skew31,new,127,-0.042117082169188066,-0.39546142339943885,-3.261058439065988,68
skew127,new,1,-0.03415932296969219,-0.335756926066242,-2.7687225414076306,68
skew127,new,3,-0.034530216257439496,-0.2866557402557222,-2.3638237905279267,68
skew127,new,7,-0.04428981739580048,-0.37863771226646,-3.1223265630336847,68
skew127,new,31,-0.05284893665859037,-0.4996358010728388,-4.120102364326816,68
skew127,new,127,-0.05037377830423943,-0.4474908438173058,-3.6901040311110545,68
amihud7,new,1,-0.016068179611315552,-0.10886948751843113,-0.8977607928907101,68
amihud7,new,3,-0.04263466022919599,-0.24108552790708904,-1.9880421927374448,68
amihud7,new,7,-0.02959192816243698,-0.16127345065199963,-1.3298949432920637,68
amihud7,new,31,-0.03657570626106401,-0.20656377426332637,-1.7033685194278751,68
amihud7,new,127,-0.05418573936915444,-0.37587706125005993,-3.099561651561512,68
amihud31,new,1,-0.017039913205618214,-0.10915727410936309,-0.9001339419148079,68
amihud31,new,3,-0.04787967000322166,-0.26813164541149614,-2.2110701912045188,68
amihud31,new,7,-0.03929941602451236,-0.2140145182957413,-1.7648089286980497,68
amihud31,new,31,-0.05026367068048313,-0.27577424086247515,-2.274092647801022,68
amihud31,new,127,-0.06431331576657032,-0.4261841732035973,-3.514404724169927,68
amihud127,new,1,-0.0131817957701757,-0.08065218674793229,-0.6650749697975314,68
amihud127,new,3,-0.049583553267546654,-0.27795990439387863,-2.292116091005096,68
amihud127,new,7,-0.04716941109635051,-0.2600672393426645,-2.144569395145189,68
amihud127,new,31,-0.06824606488386019,-0.3589809884973282,-2.960233066326245,68
amihud127,new,127,-0.0747066236137168,-0.47374152478415726,-3.906572691852494,68
