group,factor,1,3,7,31,127,mean_abs_icir
new,atr31,-0.24585161690792098,-0.3294922486007409,-0.31975754124347344,-0.28233140529559736,-0.34955851427396123,0.3053982652643388
current24,atr3,-0.2125262050403487,-0.29346072216673036,-0.3282193224009105,-0.32177298676935806,-0.36164573895772734,0.303524995067015
current24,atr7,-0.2316471057158063,-0.3047818885204315,-0.3254207690897369,-0.2991313578407965,-0.3432499817323742,0.3008462205798291
current24,corr31,-0.18349770894832643,-0.2908496213169594,-0.291097456523771,-0.3642933683622819,-0.33049362519567316,0.2920463560694023
new,atr127,-0.23660663847761182,-0.31495485484708924,-0.31054780893626743,-0.256605476350432,-0.33154163577712303,0.2900512828777047
new,std127,-0.2634062738469405,-0.3119468574243449,-0.2861114554333652,-0.2437882532384604,-0.3002405347212146,0.2810986749328651
new,std7,-0.23068182570014686,-0.2712226669948194,-0.2903667963061991,-0.2816497057519433,-0.3220378853705501,0.2791917760247318
new,std31,-0.23253140130238772,-0.2742591469466404,-0.2782041617729426,-0.2558898137480976,-0.34014109879674853,0.2762051245133634
new,std3,-0.18031093305254697,-0.24026555658486032,-0.3157015804480666,-0.2722228089922932,-0.35400586041729915,0.2725013478990132
new,obv127,-0.21733705486893098,-0.29309171172006804,-0.27365237686447524,-0.2343800561527017,-0.306987544894631,0.2650897489001614
new,amihud31,-0.21646900708351752,-0.27933015853554155,-0.2841450924754425,-0.23129022777213712,-0.2542492455122961,0.253096746275787
new,amihud127,-0.23337672037179893,-0.3075284345305345,-0.2927800732865398,-0.21911686658796684,-0.21069354443576263,0.2526991278425206
new,amihud7,-0.1855407382157352,-0.24451442607344667,-0.2591389707024385,-0.23316780069098833,-0.298255592692208,0.24412350567496333
new,skew31,-0.22299518915568417,-0.26917231207967623,-0.24592951468412758,-0.23014271992075683,-0.16498305245750314,0.22664455765954958
current24,obv31,-0.18038791772116874,-0.2600731287374244,-0.28542669907452406,-0.22127782074209368,-0.13264173706139717,0.2159614606673216
current24,factor,0.13458996962221417,0.20653175638576984,0.2028024547101082,0.2775607259267379,0.22108274426334804,0.20851353018163565
new,rsi127,0.12363846232820969,0.18398312304931888,0.1749580490951478,0.16366817529576,0.3385557434043754,0.19696071063456233
current24,corr7,-0.2158059755644815,-0.23016127277300052,-0.21018899421483755,-0.20674268825443093,-0.1082752543203097,0.19423483702541205
new,maspread31_127,0.13250529109062717,0.21296615621180337,0.1939994546288237,0.12795086704998593,0.29752778926167056,0.19298991164858215
new,mom127,0.12053122147709774,0.20345131780139736,0.1797964869039316,0.14205771889713453,0.2962006335485857,0.18840747572562938
new,skew127,-0.15694283955125704,-0.1772168894402676,-0.2034294516363412,-0.23333812282989871,-0.1388379753441417,0.18195305576038126
new,rsv127,0.11343126572272276,0.1823636454106659,0.1521075466523847,0.1367688196740598,0.29041502990541856,0.17501726147305036
new,corr127,-0.10399321649760038,-0.17389352544322062,-0.18893359813589714,-0.21476966262171263,-0.15066877536184634,0.1664517556120554
new,vma31_127,-0.09934335306233755,-0.1539667880062048,-0.16421982261855347,-0.16560586426939072,-0.19031297995378335,0.154689761582054
new,overnight127,-0.07566995270569052,-0.14124734278622722,-0.12119814305253869,-0.11920078577602372,-0.26980354304454446,0.1454239534730049
new,ma127,-0.07332812542679552,-0.13764038678117177,-0.1171388785501929,-0.11492094985169654,-0.2666950888958908,0.1419446859011495
new,rank127,0.03742054022065004,0.08795004900598762,0.0654438027794235,0.07459835634489984,0.2347736273702145,0.1000372751442351
current24,aplha22_7_31,0.15724573394447425,0.1164717205203052,0.04346213569069054,0.017732668854482752,-0.053833605936311854,0.07774917298925292
new,mom1,-0.001842177906265182,-0.12702663177445414,-0.15977595576395123,-0.06086677045434264,0.03373431083933179,0.076649169347669
current24,corr3,-0.11843479753167988,-0.08696619813221607,-0.07711244556926396,-0.0857163919972757,-0.0010810009719179644,0.07386216684047073
current24,rsi31,-0.07302151888081027,-0.07212663948783522,-0.10157633720198647,-0.08006000529335298,0.037201669781789494,0.07279723412915488
current24,obv7,-0.10759457604594001,-0.0782302880838789,-0.04739772070968773,0.05491011031214153,0.06797953643043632,0.0712224463164169
new,maspread7_31,-0.06591018540071938,-0.07312299213103807,-0.10033000368942403,-0.028668653522664317,0.06698043260618235,0.06700245347000564
new,rank31,-0.06685003066832916,-0.07691196400105985,-0.10101405502642878,-0.05874629512779312,0.028872728561909658,0.06647901467710411
new,mom31,-0.06503507821652443,-0.0716217097083838,-0.10854262589394799,-0.04294262416576093,0.039993301015641976,0.06562706780005183
current24,curvature,-0.013353621579135213,-0.13127520445024615,-0.123829616813617,-0.042506414150158205,0.015927395853317507,0.06537845056929481
new,vma7_31,0.05767402953768993,0.0779551186223907,-0.007351267888970851,0.06286134646841929,0.10991487782844168,0.06315132806918249
new,mom7,-0.07401500962080061,-0.03904215997435108,-0.022696611714410172,0.06300388084721552,0.1138125608332383,0.06251404459800314
current24,alpha128_gtja,0.07350132234982291,0.10082173891696203,0.0848559782135762,0.007178188592622391,0.004492571597087967,0.0541699599340143
current24,overnight31,0.04623188845729719,0.040989056846340896,0.06601530720275499,-0.0017826491166792894,-0.09142140832257185,0.04928806198912884
current24,ma31,0.04811395722113865,0.04226612656076729,0.06834489924604757,0.0019271270135904006,-0.08507837174994229,0.04914609635829724
current24,overnight3,0.011845676082014216,0.06605061631079082,0.10574024204713367,-0.01895512895298536,-0.030745022335484262,0.046667337145681664
new,rank7,0.03244397413564202,-0.03245314175528005,-0.09268801460202958,-0.026565576182766965,-0.03697996462266536,0.044226134259676794
new,maspread3_7,-0.05559904542148243,-0.045311492513214466,-0.01990432365582595,0.040044012422633654,0.054965207962042135,0.04316481639503973
current24,overnight7,0.02504466894102991,0.028598865510210274,0.03035216248156497,-0.061470949257280964,-0.06747529642650986,0.0425883885233192
current24,alpha15_wq,0.03787932695367294,-0.025028920482709827,0.009119673005284941,0.07503030761547472,0.06459115663744605,0.042329876938917696
current24,rsi3,0.04264386624820617,-0.019285811161035744,-0.056311566563998085,-0.034913075602531145,-0.05847628626698561,0.042326121168551355
new,rsv31,-0.006665855127432295,0.012822884034259189,-0.0033207742223387952,0.039952842235199085,0.1433216314919628,0.04121679742223844
new,rsv7,0.05553034165740644,0.03259619766373827,0.0209744969455217,0.06533171622966967,0.030220267980104354,0.040930604095288085
current24,ma3,-0.006935592358764536,0.045498942373273454,0.1057506684295262,0.021101547721611137,-0.01808193589928652,0.03947373735649237
current24,alpha101_gtja,-0.01298698542640087,0.004369943911514195,-0.0073131312346251965,0.03504596823708128,0.13661501344880084,0.03926620845168448
new,rsi7,-0.04485663959835397,-0.03871337149604508,-0.04094536885531274,0.020121157239136916,0.04664699715659254,0.03825670686908825
new,vma3_7,0.06119740932035215,0.06569318769384318,0.028552162461237707,0.007149642308594813,0.021863597538421667,0.036891199864489896
current24,vma_3_7,0.06119740932035215,0.06569318769384318,0.028552162461237707,0.007149642308594813,0.021863597538421667,0.036891199864489896
current24,ma7,0.018459294580338143,0.025233114146721806,0.04526908320409804,-0.04310946350222344,-0.04954320410342537,0.036322831907361366
current24,obv3,0.012526264683060194,-0.030865563511506072,-0.06055820430824432,-0.021434924730676597,-0.02569101195033315,0.03021519383676407
current24,aplha22_3_7,-0.012531179997939405,0.014446809125173607,-0.04803605522439021,-0.0019598904396552533,-0.021751644892210382,0.019745115935873768
new,mom3,0.01835710632962257,-0.007723291577415558,-0.03669273791795001,0.005727387057668547,0.007519596267395902,0.01520402383001052
