factor,label,ic_y,icir_y,ic_num,ic_den,ic_partial,icir_partial,ic_resid,icir_resid,coverage
hi889,equity_d,-0.2888376551613389,-2.6397326301035,-0.26105543230466194,-0.004153356552956159,-0.28597025421512245,-2.8758095912147157,-0.24917506094900774,-2.932868334449529,0.9202445302445302
hi889,assets_d,-0.23209159678096786,-2.18375919697009,-0.1942350529147258,0.024575483889998723,-0.23841591952194402,-2.42746583054047,-0.19867161619850743,-2.256748995589558,0.9255126555126555
hi889,retained_d,-0.3029365982072667,-2.938304656645531,-0.27255426617950707,0.024575483889998723,-0.30109327351775494,-2.9122316187120636,-0.24608999241787607,-3.1780300240956296,0.9255126555126555
hi889,inventory_d,-0.13207542741855682,-1.9985962383117695,-0.12048952910557902,0.024575483889998723,-0.13780738412332522,-2.0512427082273748,-0.10361458586399527,-1.8717515652662133,0.9255126555126555
hi889,receivables_d,-0.1224812740799527,-2.0022993014817425,-0.11103523609425212,0.024575483889998723,-0.1246121963556262,-2.0608791809221096,-0.0855493822006684,-1.8436673103011572,0.9255126555126555
hi889,ebit_A,-0.27496379337298815,-3.025013523570607,-0.2067609114899388,-0.004153356552956159,-0.2734918385603875,-3.7484356778160026,-0.16007670658451748,-2.790671599683183,0.9201844701844701
hi889,ebit_a,-0.28362328141262483,-3.2380150528034766,-0.2067609114899388,0.024575483889998723,-0.28529827500445365,-3.265828756035681,-0.16040449044587893,-2.758885976096369,0.9254011154011154
hi889,ebit_d,-0.16007670658451748,-2.790671599683183,-0.15614676136369063,-0.004153356552956159,-0.15812916982112904,-2.9745229766986943,,,0.9154912054912054
hi889,netIncome_a,-0.2918434916084219,-3.0870678337481543,-0.24372790479994436,0.024575483889998723,-0.29210190064406377,-2.978597910519024,-0.16880889939609,-2.713167789345349,0.9254011154011154
hi889,netIncome_d,-0.16880888729335372,-2.7131674073510057,-0.17199459991482552,0.024575483889998723,-0.16469525971790466,-2.880653310881669,,,0.9216259116259117
hi889,grossProfit_a,-0.24984277299988703,-2.33989658075987,-0.15129044107692152,0.024575483889998723,-0.2532716377647792,-2.1966814008090196,-0.21785249949211383,-3.5616484006633566,0.9254011154011154
hi889,grossProfit_d,-0.21785249949211383,-3.5616484006633566,-0.20006273513613354,0.024575483889998723,-0.215826282671695,-3.5374507630751704,,,0.9216259116259117
hi889,revenue_g,-0.18987285805895274,-2.8967364663437207,-0.07873530039184704,-0.03170921785246925,-0.19007917011391592,-2.8912735535880447,-0.18987285805895274,-2.8967364663437207,0.9293135993135994
hi889,revenue_a,-0.16906329628147365,-2.360210515123535,-0.07873530039184704,0.024575483889998723,-0.1702850197410963,-2.1847015684604907,-0.21359541047289643,-3.4231713370444328,0.9254011154011154
hi889,ocf_A,-0.11396759522562043,-1.3674558245668682,-0.1029007025754411,-0.004153356552956159,-0.11406883694119754,-1.9248782289560524,-0.04314273941269993,-1.174145993273564,0.9197554697554697
hi889,ocf_a,-0.12308421031165027,-1.421686753059613,-0.1029007025754411,0.024575483889998723,-0.12825210171859788,-1.7281724807962864,-0.045165161391145736,-1.121312038562175,0.9248391248391249
hi889,ocf_d,-0.04516516212116932,-1.1213119174387491,-0.04629895389463322,0.024575483889998723,-0.045213072566043275,-1.1816955741119726,,,0.9202230802230802
hi889,capex_d,0.1556255193653734,3.218692781125448,0.15311665679542172,0.024575483889998723,0.15189026299636013,3.149952185396507,,,0.9202230802230802
hi889,accrual_a,-0.09480567690446974,-1.6700775361900757,-0.06549899027766443,0.024575483889998723,-0.09144766786866887,-1.7244838920725822,-0.04717056404206181,-0.8703997542160824,0.9248133848133848
lo889,equity_d,-0.2961442993619045,-4.101401912151163,-0.1914439412505647,0.17928819785255046,-0.3071607261940355,-4.830326183112072,-0.2428947831047411,-3.993148110003405,0.9202445302445302
lo889,assets_d,-0.2614553080382575,-3.947671183579043,-0.14173548658137758,0.1858709525630818,-0.26833735894742783,-4.541912836661899,-0.2166731597153262,-3.698355964600865,0.9255126555126555
lo889,retained_d,-0.2907936840319244,-3.7721643117792367,-0.16993627077150428,0.1858709525630818,-0.28578349569590866,-3.954127436650217,-0.23585121168565099,-3.5245835186995853,0.9255126555126555
lo889,inventory_d,-0.15730391646368114,-2.9205614284239445,-0.12380644512622122,0.1858709525630818,-0.1576177393705432,-3.0317010554476,-0.12057241459274627,-2.4887404078617195,0.9255126555126555
lo889,receivables_d,-0.15374439367006393,-2.2910679082581242,-0.09975847510778157,0.1858709525630818,-0.14586232252000084,-2.5750554490761632,-0.10705639372150678,-1.9155861903401867,0.9255126555126555
lo889,ebit_A,-0.21772666861155954,-2.892031442414357,-0.06634762129359194,0.17928819785255046,-0.2399807285386244,-4.137907821399813,-0.15469984985270469,-2.9591920450726983,0.9201844701844701
lo889,ebit_a,-0.2420727094379192,-3.4321407493754816,-0.06634762129359194,0.1858709525630818,-0.23936456664289912,-3.6476945889814725,-0.16317884330478563,-2.957710095760145,0.9254011154011154
lo889,ebit_d,-0.15469984985270469,-2.9591920450726983,-0.13881090917736735,0.17928819785255046,-0.1449857727456105,-2.713101772535923,,,0.9154912054912054
lo889,netIncome_a,-0.2652781755176782,-3.5783225542056707,-0.11168946927754196,0.1858709525630818,-0.2578395898511529,-3.733447516372057,-0.1713588461273998,-2.9152693646905257,0.9254011154011154
lo889,netIncome_d,-0.17135881112943288,-2.9152689547964994,-0.15106134644381253,0.1858709525630818,-0.15837045325215152,-2.7155816851998273,,,0.9216259116259117
lo889,grossProfit_a,-0.2629058760396285,-3.8604954990601223,-0.00481196286552954,0.1858709525630818,-0.23573726886321647,-3.16006076585628,-0.2281521036731383,-3.9648300029047743,0.9254011154011154
lo889,grossProfit_d,-0.2281521036731383,-3.9648300029047743,-0.17153591646773922,0.1858709525630818,-0.2133439970385128,-3.725954779190614,,,0.9216259116259117
lo889,revenue_g,-0.21400123302657756,-3.7092684816124404,0.06767212828644373,0.12847128176827188,-0.20244232330869263,-3.5972910837403504,-0.21400123302657756,-3.7092684816124404,0.9293135993135994
lo889,revenue_a,-0.1838871945286558,-2.87914454407455,0.06767212828644373,0.1858709525630818,-0.17178034421847563,-2.642241432017781,-0.23436141036240107,-4.4355526600311475,0.9254011154011154
lo889,ocf_A,-0.05315186998974133,-0.5871333797573476,0.018765537098380743,0.17928819785255046,-0.07859113782136981,-0.9915731652982342,-0.031180043476452982,-0.5803479647332253,0.9197554697554697
lo889,ocf_a,-0.07552684054933813,-0.8216014888448633,0.018765537098380743,0.1858709525630818,-0.08677549824433552,-1.0284596031149427,-0.03719277747142468,-0.6273764434710892,0.9248391248391249
lo889,ocf_d,-0.03719277833575168,-0.6273765106915088,-0.020492107343063875,0.1858709525630818,-0.03544551718632697,-0.6816554474327458,,,0.9202230802230802
lo889,capex_d,0.1551896625865169,3.6095360654097206,0.1520234297013681,0.1858709525630818,0.1489312485091659,3.341980827361785,,,0.9202230802230802
lo889,accrual_a,-0.10761268597677866,-1.744670473026631,-0.12795056959933776,0.1858709525630818,-0.09691003763027524,-1.8331487763070966,-0.053043721055783935,-1.0279848818940207,0.9248133848133848
mom127,equity_d,0.15041651975969528,1.2879097736691767,0.11334683674373729,-0.06018253567723189,0.15294047848137393,1.369135674753896,0.16047160224220852,1.6592577793302297,0.9202445302445302
mom127,assets_d,0.11420503955937529,1.1374750166193635,0.07247925807769505,-0.06265966455642676,0.11740476619598647,1.1625588766945114,0.12316606628476445,1.488384559135681,0.9255126555126555
mom127,retained_d,0.16641226426485956,1.3358345627917696,0.12260476522202247,-0.06265966455642676,0.16380886606184175,1.316219162243667,0.1504895640875969,1.4681709771619342,0.9255126555126555
mom127,inventory_d,0.07228712222753728,1.081164546268425,0.06142657643334632,-0.06265966455642676,0.07190715534681497,1.073831802027686,0.07780298896593618,1.3799228759200013,0.9255126555126555
mom127,receivables_d,0.07945379910851005,1.1419645843704764,0.06206517684925867,-0.06265966455642676,0.0770926653359447,1.1751752046413586,0.06018222506162813,1.120635192453962,0.9255126555126555
mom127,ebit_A,0.14613861814852036,1.2262249408832822,0.08012481875811439,-0.06018253567723189,0.15224410675854988,1.4498398804388544,0.20180006244547866,2.6714155849283654,0.9201844701844701
mom127,ebit_a,0.15407902446907826,1.2834240354594852,0.08012481875811439,-0.06265966455642676,0.15198320155980496,1.2686280032810096,0.20841255483794643,2.7870065388176672,0.9254011154011154
mom127,ebit_d,0.20180006244547866,2.6714155849283654,0.18789107910097466,-0.06018253567723189,0.1981863221749998,2.5993358368983506,,,0.9154912054912054
mom127,netIncome_a,0.15665678156662477,1.2259162045909997,0.09839055755025869,-0.06265966455642676,0.1525010821700299,1.1953188430072343,0.2192883923911722,2.905105610664174,0.9254011154011154
mom127,netIncome_d,0.21928839540626047,2.905105596369189,0.20175297638934528,-0.06265966455642676,0.21530939404218305,2.785873811514157,,,0.9216259116259117
mom127,grossProfit_a,0.14094461107622563,1.1119155231941373,0.03823329571893507,-0.06265966455642676,0.13345889898919416,1.0452023056793205,0.21395865667614722,2.3919008060503137,0.9254011154011154
mom127,grossProfit_d,0.21395865667614722,2.3919008060503137,0.18470043396988667,-0.06265966455642676,0.20935912533555914,2.297691916784314,,,0.9216259116259117
mom127,revenue_g,0.16235265092393528,1.931398802902667,-0.0038874537107204407,-0.04330240056784345,0.15880172558708722,1.8099061177065146,0.16235265092393528,1.931398802902667,0.9293135993135994
mom127,revenue_a,0.09758462419325595,1.2198856358948544,-0.0038874537107204407,-0.06265966455642676,0.09630451330476339,1.1870109348101514,0.16870773889658056,1.9608075494433914,0.9254011154011154
mom127,ocf_A,0.05297434959986988,0.6765488401657831,0.025871296017363956,-0.06018253567723189,0.06279162779581743,1.0383710406577267,0.048653378929413196,1.229313749976643,0.9197554697554697
mom127,ocf_a,0.05938248500344961,0.7861161077276193,0.025871296017363956,-0.06265966455642676,0.06380707183930384,0.9118229241483333,0.05329012722918943,1.2616776296757426,0.9248391248391249
mom127,ocf_d,0.05329013212119747,1.2616776795489213,0.04764180009273053,-0.06265966455642676,0.051225880406514795,1.272489499495405,,,0.9202230802230802
mom127,capex_d,-0.07973590669724145,-1.4629762490149516,-0.08015299918300295,-0.06265966455642676,-0.07754763321593354,-1.4902222650457855,,,0.9202230802230802
mom127,accrual_a,0.05657095111273875,0.8617195002105028,0.05109970007492892,-0.06265966455642676,0.05023275097334442,0.8313425488170941,0.07245181434472134,1.490784791237455,0.9248133848133848
mom381,equity_d,0.28044446885417085,2.8654616485750335,0.21694020054626956,-0.09304933230781352,0.28446856911793866,3.0615351549129994,0.23495106691029452,2.880788718803861,0.9202445302445302
mom381,assets_d,0.22987804655131022,2.759661151671854,0.15704110947995342,-0.0978393277855461,0.2353835201350887,2.831522263146787,0.19497163209536794,2.7155436170811154,0.9255126555126555
mom381,retained_d,0.27725670883823433,2.68914198830685,0.20930198096277083,-0.0978393277855461,0.27307629346052315,2.5245482496763856,0.22570561142935602,2.7415742852494938,0.9255126555126555
mom381,inventory_d,0.14180620071151193,2.4109888473079377,0.1197567212875751,-0.0978393277855461,0.14302896679736257,2.377808310044799,0.11110112406442238,2.21911305220346,0.9255126555126555
mom381,receivables_d,0.13142982527150002,2.0905594842223665,0.10100008476327176,-0.0978393277855461,0.12856757501318716,2.2067596070537325,0.0914727323697197,1.7635487949717144,0.9255126555126555
mom381,ebit_A,0.23473538426972013,2.3257285956903013,0.12801568187783927,-0.09304933230781352,0.2455276047173594,2.940969004600755,0.18795695666805504,3.96813175262583,0.9201844701844701
mom381,ebit_a,0.2440915413731439,2.7341455575553053,0.12801568187783927,-0.0978393277855461,0.24194669783413858,2.549246593385134,0.19567269826341127,4.518536542322104,0.9254011154011154
mom381,ebit_d,0.18795695666805504,3.96813175262583,0.17332426329033127,-0.09304933230781352,0.18236549576194852,3.9528285097229388,,,0.9154912054912054
mom381,netIncome_a,0.25281773570176114,2.6225409896058123,0.1593793976321242,-0.0978393277855461,0.24767357222399322,2.387726659663319,0.2043091278049856,4.205713876412558,0.9254011154011154
mom381,netIncome_d,0.20430913197236208,4.20571311297505,0.18687724628548819,-0.0978393277855461,0.196627944382464,3.9050789250694065,,,0.9216259116259117
mom381,grossProfit_a,0.22945105971340685,2.368324247996031,0.0721447411143049,-0.0978393277855461,0.21975576247086492,2.026022620387225,0.24395389236917117,4.776553609169771,0.9254011154011154
mom381,grossProfit_d,0.24395389236917117,4.776553609169771,0.2050036010604731,-0.0978393277855461,0.2363616095992286,4.131594774600883,,,0.9216259116259117
mom381,revenue_g,0.21567597645939016,3.8301042374774656,0.012348063290155278,-0.05263969155214078,0.2105769830752563,3.4005837280880846,0.21567597645939016,3.8301042374774656,0.9293135993135994
mom381,revenue_a,0.16696546095845197,2.495278660852654,0.012348063290155278,-0.0978393277855461,0.16421596171492803,2.288070053013547,0.23222212969507558,4.240052810930249,0.9254011154011154
mom381,ocf_A,0.08039894933344234,0.8981148065787659,0.0410870238903448,-0.09304933230781352,0.09405664714864612,1.4191596212306228,0.037838873279828766,0.8755437975967931,0.9197554697554697
mom381,ocf_a,0.0887298417437188,1.007301902002171,0.0410870238903448,-0.0978393277855461,0.09602075054121156,1.2324085512744785,0.04050020905417327,0.8471213806536428,0.9248391248391249
mom381,ocf_d,0.04050021079696715,0.8471213876352157,0.03639740656947145,-0.0978393277855461,0.03918753572419608,0.9026470235093295,,,0.9202230802230802
mom381,capex_d,-0.16851957668913434,-4.161264053942294,-0.16643423877068683,-0.0978393277855461,-0.16572602791140237,-3.925999847197526,,,0.9202230802230802
mom381,accrual_a,0.09775959173174985,1.8204174661427208,0.08056734627025025,-0.0978393277855461,0.08950851443890886,1.8790577410980311,0.07085504300891447,1.93675911100875,0.9248133848133848
mom889,equity_d,0.34227071206051657,4.468110192875048,0.2703541216278124,-0.05910076551940173,0.3402465223990094,4.976235089782831,0.27944843393536933,4.313547007643717,0.9202445302445302
mom889,assets_d,0.31098650418580887,3.937937097874009,0.2233563613240005,-0.08555038453624604,0.3107954679865162,4.14841323689677,0.25208823474808234,3.611519174330324,0.9255126555126555
mom889,retained_d,0.33729328138567205,4.402039452576313,0.2594375812929915,-0.08555038453624604,0.3295957422590021,4.1305050498324505,0.272172609512787,4.177268422058657,0.9255126555126555
mom889,inventory_d,0.17419669476206312,2.815034384886534,0.14972426103527742,-0.08555038453624604,0.17503117421145467,2.768641278523741,0.1248943328580673,2.3207848449581534,0.9255126555126555
mom889,receivables_d,0.16957881295908703,2.5345233429737535,0.13081522631879988,-0.08555038453624604,0.16259497401737924,2.646276073341019,0.11564601981174512,2.103900075717314,0.9255126555126555
mom889,ebit_A,0.27961805769422193,3.7152263767598073,0.17299531696981357,-0.05910076551940173,0.2841238020320836,4.921430897951986,0.11615414904313626,2.1220981194386637,0.9201844701844701
mom889,ebit_a,0.29881629191589887,4.089595709593967,0.17299531696981357,-0.08555038453624604,0.29313149328229887,3.7800903309565994,0.11838549952456763,2.1079126114268747,0.9254011154011154
mom889,ebit_d,0.11615414904313626,2.1220981194386637,0.10644971877924705,-0.05910076551940173,0.10991648095681204,2.153684650261595,,,0.9154912054912054
mom889,netIncome_a,0.31828002992062865,4.07463020987722,0.2166187226236332,-0.08555038453624604,0.3104642960245142,3.7156073078166663,0.1254628417380166,2.060010777838277,0.9254011154011154
mom889,netIncome_d,0.12546283165173935,2.0600106945610634,0.11761628120656469,-0.08555038453624604,0.1166948230080769,2.1795102368861925,,,0.9216259116259117
mom889,grossProfit_a,0.2872823571887313,3.3343555134842013,0.11429824093946758,-0.08555038453624604,0.27482024976474434,2.7933289486368373,0.19685635282911845,3.4025128906391346,0.9254011154011154
mom889,grossProfit_d,0.19685635282911845,3.4025128906391346,0.1601769229181925,-0.08555038453624604,0.18615943585046266,3.44855114414768,,,0.9216259116259117
mom889,revenue_g,0.20377066385121523,3.2523510807200275,0.03272633241627078,-0.021510397820846416,0.19633133530200528,3.2583676855047097,0.20377066385121523,3.2523510807200275,0.9293135993135994
mom889,revenue_a,0.20042063230814897,3.061018130683647,0.03272633241627078,-0.08555038453624604,0.19270670370236043,2.63304641836045,0.22560425464825679,3.997325638278864,0.9254011154011154
mom889,ocf_A,0.09375225283402393,0.8595232389364466,0.05653383031336991,-0.05910076551940173,0.1018622720558752,1.132946354285589,0.03428400939655131,0.6160963317493163,0.9197554697554697
mom889,ocf_a,0.1158896227924164,1.0380775059615164,0.05653383031336991,-0.08555038453624604,0.12025017748688607,1.154868032133178,0.037420933321253784,0.6176046922065477,0.9248391248391249
mom889,ocf_d,0.03742093776269218,0.617604769239809,0.027870892668893088,-0.08555038453624604,0.0368766968728287,0.6800163924479731,,,0.9202230802230802
mom889,capex_d,-0.15426193444451117,-3.8606233278572883,-0.15398759240399704,-0.08555038453624604,-0.1485346811586061,-3.33274681910752,,,0.9202230802230802
mom889,accrual_a,0.11931374683741153,1.9527401159630957,0.11386458578388862,-0.08555038453624604,0.11201153194028109,2.110712862916064,0.026535885574632337,0.4000869657462999,0.9248133848133848
rsi127,equity_d,0.15442856811522107,1.3476947567777893,0.11049448605678218,-0.06685941175240313,0.15593912651796626,1.384245912783937,0.1588783707784637,1.704580027360561,0.9202445302445302
rsi127,assets_d,0.1200012737944125,1.1752827487916806,0.07122123224117065,-0.0707245082250846,0.12081351432100133,1.1767638986712514,0.12439024976721641,1.4985817095893668,0.9255126555126555
rsi127,retained_d,0.16723600368443306,1.367071657060798,0.11714331639910336,-0.0707245082250846,0.16272136470550488,1.3286496434973705,0.14948869512921023,1.5102987676863275,0.9255126555126555
rsi127,inventory_d,0.07805288312046246,1.144662375686421,0.06338644331902242,-0.0707245082250846,0.07593129754639603,1.119941349809752,0.07879688780908875,1.4472034652033683,0.9255126555126555
rsi127,receivables_d,0.08245455367773771,1.15411566264671,0.06176741670469242,-0.0707245082250846,0.07794171767512424,1.1734568510769186,0.05913917371666609,1.082792552843081,0.9255126555126555
rsi127,ebit_A,0.1469276711143137,1.3643026041338229,0.0728923719888106,-0.06685941175240313,0.1533028703180567,1.541402315479557,0.19639464069924256,2.6499131897264716,0.9201844701844701
rsi127,ebit_a,0.1553592928900126,1.3678214707970855,0.0728923719888106,-0.0707245082250846,0.1514356098862466,1.338584972387339,0.1997076569338478,2.722319913623769,0.9254011154011154
rsi127,ebit_d,0.19639464069924256,2.6499131897264716,0.18374550124010974,-0.06685941175240313,0.19275218062057697,2.5648568116546033,,,0.9154912054912054
rsi127,netIncome_a,0.15778668471150945,1.2525830469157122,0.09153014830928419,-0.0707245082250846,0.15151787562697797,1.2141837912225357,0.2114616905377693,2.841720652402232,0.9254011154011154
rsi127,netIncome_d,0.21146169391151076,2.8417210635950054,0.19925424915473774,-0.0707245082250846,0.2076427632815135,2.719109092737728,,,0.9216259116259117
rsi127,grossProfit_a,0.14853677656587216,1.1290749133970837,0.03154756757583162,-0.0707245082250846,0.13795710790695154,1.0718494326300705,0.21014736019648916,2.352592013882986,0.9254011154011154
rsi127,grossProfit_d,0.21014736019648916,2.352592013882986,0.1820999857623966,-0.0707245082250846,0.20486520183405654,2.288121258771289,,,0.9216259116259117
rsi127,revenue_g,0.1611514920183957,1.8954731959606328,-0.0112456169345803,-0.04859422775880129,0.15692598468873326,1.8112277881924246,0.1611514920183957,1.8954731959606328,0.9293135993135994
rsi127,revenue_a,0.10264791487722737,1.2183227784861732,-0.0112456169345803,-0.0707245082250846,0.09953147452284103,1.1991988840403625,0.16947817066948176,1.9225389274458127,0.9254011154011154
rsi127,ocf_A,0.05670277180674134,0.8015916969157454,0.025833325432968915,-0.06685941175240313,0.06791200978546422,1.1670787934331202,0.050787560357352914,1.3629170016198804,0.9197554697554697
rsi127,ocf_a,0.06633370100317376,0.9353029461539348,0.025833325432968915,-0.0707245082250846,0.07044579683637592,1.04207896064621,0.056229965693921774,1.422085505044485,0.9248391248391249
rsi127,ocf_d,0.056229971908207985,1.4220855583609864,0.0486799494727587,-0.0707245082250846,0.054326725175726065,1.4026247218867844,,,0.9202230802230802
rsi127,capex_d,-0.08229284115066944,-1.5039780862764056,-0.08053257941852171,-0.0707245082250846,-0.07878850611353123,-1.4971097396963606,,,0.9202230802230802
rsi127,accrual_a,0.052274671403670786,0.8532076269540342,0.049666499183375006,-0.0707245082250846,0.04457118122025447,0.8006504981331957,0.06489410125998923,1.484806149933776,0.9248133848133848
