label,coverage,best_factor,best_ic,best_icir,n_agree,mean_abs_ic,agree_mean_abs,abs_best
ebit_3,0.9201844701844701,mom889,0.27961791199580976,3.7152204687357147,4,0.21668501975684648,0.20185489722877525,0.27961791199580976
ebit_7,0.8621964821964822,mom889,0.27809968262064766,3.4987401391429733,4,0.21878657607023344,0.20386587621496666,0.27809968262064766
ebit_1,0.9582539682539682,mom889,0.24798666549655085,3.0767884396024656,4,0.1886540600973945,0.17407335682900643,0.24798666549655085
revenue_7,0.8621964821964822,mom889,0.1436428433834646,2.246691889761293,4,0.11964229393249409,0.11229627958480377,0.1436428433834646
ocf_7,0.8615358215358215,hi889,-0.13949908418333648,-1.4095285540944473,2,0.08973860149194753,0.10196534183165748,0.13949908418333648
revenue_3,0.9201844701844701,mom889,0.13349034746476704,1.9787554430361212,4,0.10939417932027384,0.10255760184679732,0.13349034746476704
revenue_1,0.9582539682539682,mom889,0.12037109545993963,1.7427747033782943,4,0.0967149651227412,0.08990011973764737,0.12037109545993963
ocf_3,0.9197554697554697,hi889,-0.11396772083633552,-1.3674595092333648,2,0.07515801912076049,0.08355982233698246,0.11396772083633552
ocf_1,0.958030888030888,hi889,-0.07900095570641089,-1.146026040985658,1,0.04830454041871868,0.05440230349929608,0.07900095570641089
