label,factor,ic,icir,n_dates,coverage
revenue_1,hi889,-0.10810126547473786,-1.5912873140057817,73,0.9582539682539682
revenue_1,lo889,-0.11258804631111988,-1.7466504094196487,73,0.9582539682539682
revenue_1,mom127,0.061217326958677196,0.837059849602214,74,0.9582539682539682
revenue_1,mom381,0.11575048840878563,1.450969100661175,74,0.9582539682539682
revenue_1,mom889,0.12037109545993963,1.7427747033782943,73,0.9582539682539682
revenue_1,rsi127,0.06226156812318706,0.8699521195615718,74,0.9582539682539682
revenue_3,hi889,-0.11987863209213413,-1.8098197661931774,71,0.9201844701844701
revenue_3,lo889,-0.12625603644231964,-1.9445594830436934,71,0.9201844701844701
revenue_3,mom127,0.07352239185845796,0.9673650544626593,72,0.9201844701844701
revenue_3,mom381,0.12969677187157214,1.6353806144786933,72,0.9201844701844701
revenue_3,mom889,0.13349034746476704,1.9787554430361212,71,0.9201844701844701
revenue_3,rsi127,0.07352089619239215,0.9920743982141071,72,0.9201844701844701
revenue_7,hi889,-0.12901346357598006,-1.9847609123215384,68,0.8621964821964822
revenue_7,lo889,-0.13965518167976945,-2.3296763240633243,68,0.8621964821964822
revenue_7,mom127,0.08340141477764061,1.1224633319905395,69,0.8621964821964822
revenue_7,mom381,0.13913198759524273,1.845171293504747,69,0.8621964821964822
revenue_7,mom889,0.1436428433834646,2.246691889761293,68,0.8621964821964822
revenue_7,rsi127,0.08300887258286717,1.1295989143825274,69,0.8621964821964822
revenue_g_1,hi889,-0.16510551337597168,-2.558441176161607,73,0.9677220077220077
revenue_g_1,lo889,-0.18296501467978554,-2.860475368329558,73,0.9677220077220077
revenue_g_1,mom127,0.13390582960523248,1.685072999703037,74,0.9677220077220077
revenue_g_1,mom381,0.1852005411100856,3.0765244135933734,74,0.9677220077220077
revenue_g_1,mom889,0.17273745359372183,2.6320267495059047,73,0.9677220077220077
revenue_g_1,rsi127,0.1342287021929396,1.6430879320354959,74,0.9677220077220077
revenue_g_3,hi889,-0.18987279004378077,-2.896734738825899,71,0.9293135993135994
revenue_g_3,lo889,-0.214001109573873,-3.7092693768512857,71,0.9293135993135994
revenue_g_3,mom127,0.1623526071481124,1.9313987875900565,72,0.9293135993135994
revenue_g_3,mom381,0.21567593635037813,3.830104596298556,72,0.9293135993135994
revenue_g_3,mom889,0.2037706341566644,3.252357850084811,71,0.9293135993135994
revenue_g_3,rsi127,0.1611514314989118,1.8954728613880871,72,0.9293135993135994
revenue_g_7,hi889,-0.19605057558175912,-3.1959865073236107,68,0.870960960960961
revenue_g_7,lo889,-0.22492350819316995,-4.102549746662639,68,0.870960960960961
revenue_g_7,mom127,0.16623462707084405,2.0051648930375974,69,0.870960960960961
revenue_g_7,mom381,0.21876777323540064,3.740433474072871,69,0.870960960960961
revenue_g_7,mom889,0.21395515309456953,3.7140930353898263,68,0.870960960960961
revenue_g_7,rsi127,0.16476615539576972,1.9202878268281416,69,0.870960960960961
grossProfit_1,hi889,-0.21823720473083075,-2.386119099980347,73,0.9582539682539682
grossProfit_1,lo889,-0.20873156846451862,-3.217151984503899,73,0.9582539682539682
grossProfit_1,mom127,0.11236518372427862,1.1959116373196323,74,0.9582539682539682
grossProfit_1,mom381,0.19964674012680605,2.289826506815163,74,0.9582539682539682
grossProfit_1,mom889,0.23656969574067854,3.3891765072220625,73,0.9582539682539682
grossProfit_1,rsi127,0.11618435742805641,1.2347630271296814,74,0.9582539682539682
grossProfit_3,hi889,-0.23598166280535138,-2.6378542301898844,71,0.9201844701844701
grossProfit_3,lo889,-0.22542906058293405,-3.745434834322079,71,0.9201844701844701
grossProfit_3,mom127,0.13179156605451936,1.3503260345074204,72,0.9201844701844701
grossProfit_3,mom381,0.21807816960864393,2.6190503856419394,72,0.9201844701844701
grossProfit_3,mom889,0.2530816813250851,3.6818485584359237,71,0.9201844701844701
grossProfit_3,rsi127,0.13382335197988982,1.3897260204633017,72,0.9201844701844701
grossProfit_7,hi889,-0.23940531871882761,-2.690066169259237,68,0.8621964821964822
grossProfit_7,lo889,-0.23202875977760076,-4.571872596951807,68,0.8621964821964822
grossProfit_7,mom127,0.1371489962122444,1.5048117459733816,69,0.8621964821964822
grossProfit_7,mom381,0.22001174294198822,2.798398621936746,69,0.8621964821964822
grossProfit_7,mom889,0.25521813773054114,3.655590714827118,68,0.8621964821964822
grossProfit_7,rsi127,0.1383864463289509,1.5113372112310313,69,0.8621964821964822
grossProfit_a_1,hi889,-0.22876222129699061,-2.1966412643926487,73,0.9638181038181038
grossProfit_a_1,lo889,-0.2444705610306509,-3.4242097087901704,73,0.9638181038181038
grossProfit_a_1,mom127,0.1201345297452143,0.9922763938573806,74,0.9638181038181038
grossProfit_a_1,mom381,0.21006311121509638,2.1924710909018907,74,0.9638181038181038
grossProfit_a_1,mom889,0.2693312661247783,3.199664442982748,73,0.9638181038181038
grossProfit_a_1,rsi127,0.130376906513992,1.0233399784332484,74,0.9638181038181038
grossProfit_a_3,hi889,-0.2498427606771448,-2.3398939799722873,71,0.9254011154011154
grossProfit_a_3,lo889,-0.26290596027168234,-3.8604915966760736,71,0.9254011154011154
grossProfit_a_3,mom127,0.14094456738443875,1.1119147126054034,72,0.9254011154011154
grossProfit_a_3,mom381,0.22945109401432695,2.3683231964606763,72,0.9254011154011154
grossProfit_a_3,mom889,0.28728239772731373,3.334352841945615,71,0.9254011154011154
grossProfit_a_3,rsi127,0.14853678617124874,1.129074433475497,72,0.9254011154011154
grossProfit_a_7,hi889,-0.25492654941024323,-2.307686937267343,68,0.867014157014157
grossProfit_a_7,lo889,-0.2673326993816608,-4.226145808567756,68,0.867014157014157
grossProfit_a_7,mom127,0.14417806878029207,1.1339541759580087,69,0.867014157014157
grossProfit_a_7,mom381,0.2292795430036522,2.268022413742142,69,0.867014157014157
grossProfit_a_7,mom889,0.28950290047144167,3.460186947701119,68,0.867014157014157
grossProfit_a_7,rsi127,0.15070502168449926,1.1499457102259718,69,0.867014157014157
ebit_1,hi889,-0.24586137738171818,-2.632958783759633,73,0.9582539682539682
ebit_1,lo889,-0.1897695558866232,-2.3909232698824874,73,0.9582539682539682
ebit_1,mom127,0.12114796198563765,1.0930805980654676,74,0.9582539682539682
ebit_1,mom381,0.20406898611031116,1.9564292027042351,74,0.9582539682539682
ebit_1,mom889,0.24798666549655085,3.0767884396024656,73,0.9582539682539682
ebit_1,rsi127,0.12308981372352616,1.197016520921252,74,0.9582539682539682
ebit_3,hi889,-0.2749638654918798,-3.025015877118423,71,0.9201844701844701
ebit_3,lo889,-0.21772666413409814,-2.8920314733882617,71,0.9201844701844701
ebit_3,mom127,0.14613862110127576,1.2262255410748353,72,0.9201844701844701
ebit_3,mom381,0.23473539554963402,2.325727429155286,72,0.9201844701844701
ebit_3,mom889,0.27961791199580976,3.7152204687357147,71,0.9201844701844701
ebit_3,rsi127,0.14692766026838142,1.3643036825866315,72,0.9201844701844701
ebit_7,hi889,-0.27623923179688004,-3.0873540028860194,68,0.8621964821964822
ebit_7,lo889,-0.22101671976465392,-3.7308533366029746,68,0.8621964821964822
ebit_7,mom127,0.1521531013909682,1.3460089261973591,69,0.8621964821964822
ebit_7,mom381,0.23436887073788332,2.4857601167096615,69,0.8621964821964822
ebit_7,mom889,0.27809968262064766,3.4987401391429733,68,0.8621964821964822
ebit_7,rsi127,0.1508418501103674,1.4461076605255438,69,0.8621964821964822
ebit_a_1,hi889,-0.24877643161289004,-2.8445697666048564,73,0.9638181038181038
ebit_a_1,lo889,-0.20966731778604683,-2.7412728419815804,73,0.9638181038181038
ebit_a_1,mom127,0.12402456577864726,1.1231540448830972,74,0.9638181038181038
ebit_a_1,mom381,0.20848760473398098,2.2432634728443737,74,0.9638181038181038
ebit_a_1,mom889,0.264072795614998,3.3601946502811586,73,0.9638181038181038
ebit_a_1,rsi127,0.1292547616719402,1.188067439888787,74,0.9638181038181038
ebit_a_3,hi889,-0.2836232164633019,-3.2380127422913025,71,0.9254011154011154
ebit_a_3,lo889,-0.24207254574286907,-3.4321328713296326,71,0.9254011154011154
ebit_a_3,mom127,0.15407898767622938,1.2834243630300315,72,0.9254011154011154
ebit_a_3,mom381,0.2440915286750777,2.7341455435591406,72,0.9254011154011154
ebit_a_3,mom889,0.29881597904498686,4.089570730701877,71,0.9254011154011154
ebit_a_3,rsi127,0.15535929670062643,1.367822578665519,72,0.9254011154011154
ebit_a_7,hi889,-0.2871488724799432,-3.311336551895086,68,0.867014157014157
ebit_a_7,lo889,-0.24329065689290547,-4.539550117490589,68,0.867014157014157
ebit_a_7,mom127,0.15902633089377877,1.3745730214443643,69,0.867014157014157
ebit_a_7,mom381,0.24305738374818225,2.7939342501284634,69,0.867014157014157
ebit_a_7,mom889,0.29778984904585626,4.107795102612165,68,0.867014157014157
ebit_a_7,rsi127,0.15804835857236366,1.4194899677064587,69,0.867014157014157
ebit_g_1,hi889,-0.17527020618992212,-3.038278952915447,73,0.8304804804804805
ebit_g_1,lo889,-0.1495640107299634,-2.4862917210693216,73,0.8304804804804805
ebit_g_1,mom127,0.1719281461445112,2.0939227366240436,74,0.8304804804804805
ebit_g_1,mom381,0.18250101279367964,2.9963359568780303,74,0.8304804804804805
ebit_g_1,mom889,0.13794763762314521,2.58878399735923,73,0.8304804804804805
ebit_g_1,rsi127,0.16897988131359326,2.0763554527408927,74,0.8304804804804805
ebit_g_3,hi889,-0.20130869726707068,-3.3514579104786706,71,0.8027370227370227
ebit_g_3,lo889,-0.16955667081297518,-2.960108700734367,71,0.8027370227370227
ebit_g_3,mom127,0.20819353733891044,2.5341089855554944,72,0.8027370227370227
ebit_g_3,mom381,0.21153301947247696,3.9976899735686926,72,0.8027370227370227
ebit_g_3,mom889,0.16414697440556833,3.0127694654485615,71,0.8027370227370227
ebit_g_3,rsi127,0.20348568908315603,2.6110778193158612,72,0.8027370227370227
ebit_g_7,hi889,-0.20561738224446405,-3.560148864541105,68,0.7586486486486487
ebit_g_7,lo889,-0.16126448541691854,-2.7977956226010603,68,0.7586486486486487
ebit_g_7,mom127,0.2077205535265505,2.62430702605657,69,0.7586486486486487
ebit_g_7,mom381,0.20713776117564825,3.922725195126386,69,0.7586486486486487
ebit_g_7,mom889,0.16081390015406816,2.814902724333564,68,0.7586486486486487
ebit_g_7,rsi127,0.20227785306369453,2.6417681195936704,69,0.7586486486486487
ebitda_1,hi889,-0.22785837964482525,-2.4038595478485223,73,0.9582539682539682
ebitda_1,lo889,-0.17154875056826857,-1.983576805873264,73,0.9582539682539682
ebitda_1,mom127,0.11354997645434198,1.004495857050878,74,0.9582539682539682
ebitda_1,mom381,0.19017153317293597,1.7182812747428984,74,0.9582539682539682
ebitda_1,mom889,0.2248035542883652,2.45423752463201,73,0.9582539682539682
ebitda_1,rsi127,0.11538511280875104,1.1145517484295218,74,0.9582539682539682
ebitda_3,hi889,-0.2541627920574341,-2.725486135159701,71,0.9201844701844701
ebitda_3,lo889,-0.19826600872354735,-2.3468886513853486,71,0.9201844701844701
ebitda_3,mom127,0.13629314757738709,1.1307185469875856,72,0.9201844701844701
ebitda_3,mom381,0.21962640902110092,2.0529698399407414,72,0.9201844701844701
ebitda_3,mom889,0.25522067809775484,2.8349983195137245,71,0.9201844701844701
ebitda_3,rsi127,0.13646879232393452,1.2738688128557967,72,0.9201844701844701
ebitda_7,hi889,-0.2574205541959447,-2.835652156932666,68,0.8621964821964822
ebitda_7,lo889,-0.20613971067131157,-2.9446102494765403,68,0.8621964821964822
ebitda_7,mom127,0.14154239989784761,1.2414376695480032,69,0.8621964821964822
ebitda_7,mom381,0.22096175411499247,2.2375259974369457,69,0.8621964821964822
ebitda_7,mom889,0.25845947736664016,2.812431167731355,68,0.8621964821964822
ebitda_7,rsi127,0.13982098076247404,1.3485747454019712,69,0.8621964821964822
operatingIncome_1,hi889,-0.2747231098097476,-2.595842836689698,73,0.9582539682539682
operatingIncome_1,lo889,-0.21170943439705017,-2.57892699962258,73,0.9582539682539682
operatingIncome_1,mom127,0.12999696569422003,1.084470793645055,74,0.9582539682539682
operatingIncome_1,mom381,0.22232045053709534,1.9926307766131113,74,0.9582539682539682
operatingIncome_1,mom889,0.2791650035673231,3.1581620205495446,73,0.9582539682539682
operatingIncome_1,rsi127,0.13246167226988995,1.1539563963601411,74,0.9582539682539682
operatingIncome_3,hi889,-0.3021634483700747,-2.8299491799031067,71,0.9201844701844701
operatingIncome_3,lo889,-0.23823865426556157,-2.9809986824235812,71,0.9201844701844701
operatingIncome_3,mom127,0.1550865872037731,1.2041746196002372,72,0.9201844701844701
operatingIncome_3,mom381,0.2511153922384972,2.2303232196042226,72,0.9201844701844701
operatingIncome_3,mom889,0.30833598766842374,3.574638719684716,71,0.9201844701844701
operatingIncome_3,rsi127,0.15612166443930853,1.286727074578473,72,0.9201844701844701
operatingIncome_7,hi889,-0.2976739014832141,-2.829119889145127,68,0.8621964821964822
operatingIncome_7,lo889,-0.2363409146759101,-3.52193718389977,68,0.8621964821964822
operatingIncome_7,mom127,0.15957311827417225,1.3076971490094698,69,0.8621964821964822
operatingIncome_7,mom381,0.24669904559786363,2.273569261524994,69,0.8621964821964822
operatingIncome_7,mom889,0.29982104954218497,3.351443831325712,68,0.8621964821964822
operatingIncome_7,rsi127,0.1577238066058655,1.3418742111842283,69,0.8621964821964822
netIncome_1,hi889,-0.2799685384544119,-2.6592717849276246,73,0.9582539682539682
netIncome_1,lo889,-0.23076597097045837,-2.8603475106938485,73,0.9582539682539682
netIncome_1,mom127,0.13373577688935415,1.1293456580955368,74,0.9582539682539682
netIncome_1,mom381,0.23180787868208078,2.1295515684393207,74,0.9582539682539682
netIncome_1,mom889,0.2923228247255888,3.4304287048159265,73,0.9582539682539682
netIncome_1,rsi127,0.13633533946414228,1.1802936162600095,74,0.9582539682539682
netIncome_3,hi889,-0.3109593784679125,-2.991686148803651,71,0.9201844701844701
netIncome_3,lo889,-0.2623415184982013,-3.405521622906496,71,0.9201844701844701
netIncome_3,mom127,0.16204946728086636,1.2635817390892314,72,0.9201844701844701
netIncome_3,mom381,0.2634118160084596,2.4456579718481284,72,0.9201844701844701
netIncome_3,mom889,0.32585140047348277,3.9695247354245353,71,0.9201844701844701
netIncome_3,rsi127,0.16315927244804768,1.330830882335279,72,0.9201844701844701
netIncome_7,hi889,-0.3099116413501586,-2.9780951393213213,68,0.8621964821964822
netIncome_7,lo889,-0.26074585951246393,-3.964446257380176,68,0.8621964821964822
netIncome_7,mom127,0.1670257239459859,1.3528368924392824,69,0.8621964821964822
netIncome_7,mom381,0.2591260809642501,2.4832406887103433,69,0.8621964821964822
netIncome_7,mom889,0.3205011720876778,3.7574420041709757,68,0.8621964821964822
netIncome_7,rsi127,0.1658378721642418,1.3780735221218272,69,0.8621964821964822
netIncome_a_1,hi889,-0.2607807366749912,-2.771870591759032,73,0.9638181038181038
netIncome_a_1,lo889,-0.23291536861650655,-3.0105160600713776,73,0.9638181038181038
netIncome_a_1,mom127,0.12768216396964685,1.0875737189744132,74,0.9638181038181038
netIncome_a_1,mom381,0.22040013799563005,2.2538659199629,74,0.9638181038181038
netIncome_a_1,mom889,0.28605569583701257,3.5377477461727467,73,0.9638181038181038
netIncome_a_1,rsi127,0.13262766806037637,1.121522994836222,74,0.9638181038181038
netIncome_a_3,hi889,-0.2918434476204922,-3.0870570273715146,71,0.9254011154011154
netIncome_a_3,lo889,-0.26527833297470754,-3.578323623248009,71,0.9254011154011154
netIncome_a_3,mom127,0.15665700141649774,1.225918189306512,72,0.9254011154011154
netIncome_a_3,mom381,0.25281771791889635,2.622538738106435,72,0.9254011154011154
netIncome_a_3,mom889,0.31828004571032087,4.074627662487461,71,0.9254011154011154
netIncome_a_3,rsi127,0.1577870490275703,1.2525871842816907,72,0.9254011154011154
netIncome_a_7,hi889,-0.29298969939363384,-3.0577458793573404,68,0.867014157014157
netIncome_a_7,lo889,-0.26158486086819166,-4.075809935994194,68,0.867014157014157
netIncome_a_7,mom127,0.16206518435857353,1.2979338570417058,69,0.867014157014157
netIncome_a_7,mom381,0.24796885370527053,2.56522751598712,69,0.867014157014157
netIncome_a_7,mom889,0.31188279930796897,3.9082933624003675,68,0.867014157014157
netIncome_a_7,rsi127,0.16048888441975653,1.2951214557441388,69,0.867014157014157
incomeBeforeTax_1,hi889,-0.2785972664105347,-2.6643187286945063,73,0.9582539682539682
incomeBeforeTax_1,lo889,-0.218511680302853,-2.6990854859011697,73,0.9582539682539682
incomeBeforeTax_1,mom127,0.13234541594064173,1.1118289517831332,74,0.9582539682539682
incomeBeforeTax_1,mom381,0.22738687739827562,2.054001812357337,74,0.9582539682539682
incomeBeforeTax_1,mom889,0.2844308256630522,3.3534401716176907,73,0.9582539682539682
incomeBeforeTax_1,rsi127,0.13385885123657668,1.1824036074255384,74,0.9582539682539682
incomeBeforeTax_3,hi889,-0.30732912121940237,-3.010761692431539,71,0.9201844701844701
incomeBeforeTax_3,lo889,-0.24776624889614465,-3.1952217291944955,71,0.9201844701844701
incomeBeforeTax_3,mom127,0.158715815604398,1.2376634066275625,72,0.9201844701844701
incomeBeforeTax_3,mom381,0.2574345744830937,2.3597090511276493,72,0.9201844701844701
incomeBeforeTax_3,mom889,0.31535290554147494,3.883324372986717,71,0.9201844701844701
incomeBeforeTax_3,rsi127,0.15882990834017338,1.3299550427557776,72,0.9201844701844701
incomeBeforeTax_7,hi889,-0.3044008617436185,-2.992505608214116,68,0.8621964821964822
incomeBeforeTax_7,lo889,-0.24670570410675327,-3.784813744323706,68,0.8621964821964822
incomeBeforeTax_7,mom127,0.1642616672068925,1.3470208416167924,69,0.8621964821964822
incomeBeforeTax_7,mom381,0.2533006042078427,2.425002289369246,69,0.8621964821964822
incomeBeforeTax_7,mom889,0.3087509178191937,3.58442471128372,68,0.8621964821964822
incomeBeforeTax_7,rsi127,0.16175574575271714,1.3900405334017092,69,0.8621964821964822
sga_1,hi889,-0.06630362009796784,-0.7024297293609673,73,0.9582539682539682
sga_1,lo889,-0.11640454777653458,-1.5080874569031109,73,0.9582539682539682
sga_1,mom127,0.049983193161269125,0.6285656817668452,74,0.9582539682539682
sga_1,mom381,0.08636039015633584,1.1144850995492068,74,0.9582539682539682
sga_1,mom889,0.09506581030922162,1.1994442671561183,73,0.9582539682539682
sga_1,rsi127,0.05327416932455971,0.6428578838282272,74,0.9582539682539682
sga_3,hi889,-0.07595151716218593,-0.8416917885987508,71,0.9201844701844701
sga_3,lo889,-0.13021871027867213,-1.9078736978266584,71,0.9201844701844701
sga_3,mom127,0.06130050110795479,0.7767259133878113,72,0.9201844701844701
sga_3,mom381,0.09851684393956173,1.4050395927579686,72,0.9201844701844701
sga_3,mom889,0.10491832062837139,1.314936392461009,71,0.9201844701844701
sga_3,rsi127,0.06610261694092179,0.814593262779651,72,0.9201844701844701
sga_7,hi889,-0.09513292321705162,-0.9826354033146509,68,0.8621964821964822
sga_7,lo889,-0.15176452033683616,-2.074557244214054,68,0.8621964821964822
sga_7,mom127,0.06903763226401273,0.8357336723529735,69,0.8621964821964822
sga_7,mom381,0.11697138407141285,1.5340520774426232,69,0.8621964821964822
sga_7,mom889,0.1245116371020528,1.4542852663881176,68,0.8621964821964822
sga_7,rsi127,0.07504537223916237,0.89141378933709,69,0.8621964821964822
rnd_1,hi889,-0.025176108020012387,-0.3646041358450704,71,0.9582539682539682
rnd_1,lo889,-0.13033960044048534,-1.0253810736388476,71,0.9582539682539682
rnd_1,mom127,0.03853934388048507,0.4002399719934357,74,0.9582539682539682
rnd_1,mom381,0.06421643060404908,0.6658830031087433,74,0.9582539682539682
rnd_1,mom889,0.08785196402235018,0.8482754695554436,71,0.9582539682539682
rnd_1,rsi127,0.044707816721181674,0.45050813617987906,74,0.9582539682539682
rnd_3,hi889,-0.029993775742848405,-0.37546536284412246,69,0.9201844701844701
rnd_3,lo889,-0.16747980842454552,-1.4457924720752857,69,0.9201844701844701
rnd_3,mom127,0.04823322650052543,0.44268793588666994,72,0.9201844701844701
rnd_3,mom381,0.07601642368904821,0.7127937680834243,72,0.9201844701844701
rnd_3,mom889,0.12084305657185355,1.2039176174974722,69,0.9201844701844701
rnd_3,rsi127,0.05459663421846272,0.49975302930957877,72,0.9201844701844701
rnd_7,hi889,-0.04325408135218278,-0.5003980943142511,66,0.8621964821964822
rnd_7,lo889,-0.18876703971082476,-1.6772441210752942,66,0.8621964821964822
rnd_7,mom127,0.04812359999519838,0.4206845815502716,69,0.8621964821964822
rnd_7,mom381,0.08789558919633006,0.7675232323492681,69,0.8621964821964822
rnd_7,mom889,0.14853963161930098,1.4276080382142138,66,0.8621964821964822
rnd_7,rsi127,0.05999781949157914,0.5216938962304003,69,0.8621964821964822
da_1,hi889,-0.007554005974530514,-0.09302039580132934,73,0.9582539682539682
da_1,lo889,0.014902764795251426,0.17189182219156202,73,0.9582539682539682
da_1,mom127,0.010785196762783049,0.12109949050692594,74,0.9582539682539682
da_1,mom381,0.012147894437185641,0.12663970777204422,74,0.9582539682539682
da_1,mom889,-0.01685460922259458,-0.17538119155055548,73,0.9582539682539682
da_1,rsi127,0.011883889341806946,0.13603157692393153,74,0.9582539682539682
da_3,hi889,-0.010436737135753603,-0.12872557534938245,71,0.9201844701844701
da_3,lo889,0.006320077072723807,0.07288076701196329,71,0.9201844701844701
da_3,mom127,0.011285216654389335,0.12202277792804828,72,0.9201844701844701
da_3,mom381,0.019504039429107264,0.196562412321035,72,0.9201844701844701
da_3,mom889,-0.009348515036058113,-0.09713623432316015,71,0.9201844701844701
da_3,rsi127,0.011122282351261207,0.12035734676230259,72,0.9201844701844701
da_7,hi889,-0.028548549754826947,-0.35101343554174846,68,0.8621964821964822
da_7,lo889,-0.018078088809732603,-0.20037352883981435,68,0.8621964821964822
da_7,mom127,0.020562475868121943,0.22012118728130317,69,0.8621964821964822
da_7,mom381,0.037920170837406945,0.370667654675961,69,0.8621964821964822
da_7,mom889,0.017450591024211454,0.17780081168244544,68,0.8621964821964822
da_7,rsi127,0.01945404544724957,0.20997789594668506,69,0.8621964821964822
ocf_1,hi889,-0.07900095570641089,-1.146026040985658,73,0.958030888030888
ocf_1,lo889,-0.02980365129218128,-0.3783713066992307,73,0.958030888030888
ocf_1,mom127,0.033171279545340604,0.5254111506570923,74,0.958030888030888
ocf_1,mom381,0.053761320927936375,0.758477029149336,74,0.958030888030888
ocf_1,mom889,0.05960384333986226,0.6306353207883744,73,0.958030888030888
ocf_1,rsi127,0.03448619170058065,0.6009663278625379,74,0.958030888030888
ocf_3,hi889,-0.11396772083633552,-1.3674595092333648,71,0.9197554697554697
ocf_3,lo889,-0.05315192383762941,-0.5871343198888599,71,0.9197554697554697
ocf_3,mom127,0.052974360341272494,0.6765490431040141,72,0.9197554697554697
ocf_3,mom381,0.0803989862437813,0.8981158562117955,72,0.9197554697554697
ocf_3,mom889,0.09375232093458283,0.859524201934114,71,0.9197554697554697
ocf_3,rsi127,0.056702802530961306,0.8015924922675027,72,0.9197554697554697
ocf_7,hi889,-0.13949908418333648,-1.4095285540944473,68,0.8615358215358215
ocf_7,lo889,-0.06443159947997848,-0.6381997944109078,68,0.8615358215358215
ocf_7,mom127,0.06467446139324519,0.7179366931043035,69,0.8615358215358215
ocf_7,mom381,0.09409994367052613,0.8732067080043096,69,0.8615358215358215
ocf_7,mom889,0.11036178488375276,0.8469497623154294,68,0.8615358215358215
ocf_7,rsi127,0.06536473534084614,0.7811328230027533,69,0.8615358215358215
ocf_a_1,hi889,-0.08521860634664169,-1.1812403102044169,73,0.9635135135135136
ocf_a_1,lo889,-0.04418186405764838,-0.5291014707476368,73,0.9635135135135136
ocf_a_1,mom127,0.03756220320988541,0.5889337360812302,74,0.9635135135135136
ocf_a_1,mom381,0.06022727937143597,0.8184299350373332,74,0.9635135135135136
ocf_a_1,mom889,0.07465711813189627,0.7459867124925583,73,0.9635135135135136
ocf_a_1,rsi127,0.040316009471788025,0.6709183154776075,74,0.9635135135135136
ocf_a_3,hi889,-0.12308433205286992,-1.421689865566034,71,0.9248391248391249
ocf_a_3,lo889,-0.07552696482205383,-0.8216034342801067,71,0.9248391248391249
ocf_a_3,mom127,0.05938253505647119,0.7861170080382022,72,0.9248391248391249
ocf_a_3,mom381,0.08872991908982869,1.007303329701334,72,0.9248391248391249
ocf_a_3,mom889,0.11588978129138264,1.0380791731449128,71,0.9248391248391249
ocf_a_3,rsi127,0.06633376888307373,0.93530504441687,72,0.9248391248391249
ocf_a_7,hi889,-0.15065412586701613,-1.5106258671577628,68,0.8661904761904762
ocf_a_7,lo889,-0.08986050261489033,-0.9059904802892654,68,0.8661904761904762
ocf_a_7,mom127,0.07022363672100163,0.8059291843623794,69,0.8661904761904762
ocf_a_7,mom381,0.10351293186798174,0.9989056093963422,69,0.8661904761904762
ocf_a_7,mom889,0.1370878355190404,1.0632871344220307,68,0.8661904761904762
ocf_a_7,rsi127,0.0754540858195454,0.8962234024148172,69,0.8661904761904762
ocf_g_1,hi889,-0.06070299332038496,-1.0547196810226058,73,0.6663449163449163
ocf_g_1,lo889,-0.026800807531139653,-0.3705534448050938,73,0.6663449163449163
ocf_g_1,mom127,0.04677731464772259,0.9054676038318199,74,0.6663449163449163
ocf_g_1,mom381,0.04807796384747225,0.8092512386159798,74,0.6663449163449163
ocf_g_1,mom889,0.03937025796505868,0.4924270574255995,73,0.6663449163449163
ocf_g_1,rsi127,0.04634555516692189,0.9658744737247101,74,0.6663449163449163
ocf_g_3,hi889,-0.08169650474193868,-1.5582187889470978,71,0.635975975975976
ocf_g_3,lo889,-0.04241834238624858,-0.5586238898035114,71,0.635975975975976
ocf_g_3,mom127,0.06933790179940819,1.3131856279993477,72,0.635975975975976
ocf_g_3,mom381,0.0623547368480607,1.040476791192962,72,0.635975975975976
ocf_g_3,mom889,0.061011863109230464,0.7520029166173697,71,0.635975975975976
ocf_g_3,rsi127,0.07202329502688391,1.462759721269226,72,0.635975975975976
ocf_g_7,hi889,-0.10468368307325118,-1.8564401380886801,68,0.5917331617331617
ocf_g_7,lo889,-0.049015077162560594,-0.6503513643329077,68,0.5917331617331617
ocf_g_7,mom127,0.07994417720299737,1.309842510720906,69,0.5917331617331617
ocf_g_7,mom381,0.07143840267719354,1.0086739653733554,69,0.5917331617331617
ocf_g_7,mom889,0.07224559829098263,0.8228840723742801,68,0.5917331617331617
ocf_g_7,rsi127,0.0814013978317945,1.386541429812525,69,0.5917331617331617
capex_1,hi889,0.10520458860618942,1.148665780349862,73,0.9635135135135136
capex_1,lo889,0.11596077654702948,1.432877582149191,73,0.9635135135135136
capex_1,mom127,-0.03574522574214542,-0.3783405765367642,74,0.9635135135135136
capex_1,mom381,-0.08646001094283397,-0.9482287839284224,74,0.9635135135135136
capex_1,mom889,-0.1516163860174674,-1.5283931418838004,73,0.9635135135135136
capex_1,rsi127,-0.04730091918378758,-0.48985181887842255,74,0.9635135135135136
capex_3,hi889,0.13200250873575006,1.3761493441615356,71,0.9248391248391249
capex_3,lo889,0.14892472225485162,1.7718696678566483,71,0.9248391248391249
capex_3,mom127,-0.053591250586259166,-0.5267174499700056,72,0.9248391248391249
capex_3,mom381,-0.11665768699472462,-1.241245927362431,72,0.9248391248391249
capex_3,mom889,-0.18314499393566638,-1.7954335036106432,71,0.9248391248391249
capex_3,rsi127,-0.06482016395823718,-0.6224392255841185,72,0.9248391248391249
capex_7,hi889,0.15843125691659155,1.5871525116825183,68,0.8661904761904762
capex_7,lo889,0.1772675545298001,2.058147126847247,68,0.8661904761904762
capex_7,mom127,-0.07411787443520065,-0.6764051702950657,69,0.8661904761904762
capex_7,mom381,-0.14186103584743892,-1.4134554473900278,69,0.8661904761904762
capex_7,mom889,-0.21099590607419053,-2.130921012617114,68,0.8661904761904762
capex_7,rsi127,-0.08316877687223284,-0.7451516262975764,69,0.8661904761904762
capex_g_1,hi889,0.04802545524221975,0.26605995744977395,23,0.0061647361647361645
capex_g_1,lo889,0.04068018622078458,0.2836152345994199,23,0.0061647361647361645
capex_g_1,mom127,0.0367299989422103,0.18038277290284296,27,0.0061647361647361645
capex_g_1,mom381,-0.09293139813315644,-0.5642012897162033,27,0.0061647361647361645
capex_g_1,mom889,-0.12788554857514442,-0.9662995335133169,23,0.0061647361647361645
capex_g_1,rsi127,0.008458424927363248,0.04431715533066636,27,0.0061647361647361645
capex_g_3,hi889,0.003990198963005297,0.02029902387668923,21,0.005628485628485629
capex_g_3,lo889,0.03336961282241508,0.20144796172354684,21,0.005628485628485629
capex_g_3,mom127,0.05824376359607362,0.3385642056080309,25,0.005628485628485629
capex_g_3,mom381,-0.062274781213127926,-0.36415270898573976,25,0.005628485628485629
capex_g_3,mom889,-0.06423985321435759,-0.37983194264623477,21,0.005628485628485629
capex_g_3,rsi127,0.04405368424092061,0.26997115755514817,25,0.005628485628485629
capex_g_7,hi889,0.012226744431457262,0.06041535872261346,19,0.005109395109395109
capex_g_7,lo889,0.033453098526722395,0.18096879249917938,19,0.005109395109395109
capex_g_7,mom127,0.03190208073376877,0.16917209703092423,23,0.005109395109395109
capex_g_7,mom381,-0.042016318128309915,-0.23548868937445558,23,0.005109395109395109
capex_g_7,mom889,-0.0553643506139754,-0.28604461566271167,19,0.005109395109395109
capex_g_7,rsi127,0.02467516868680402,0.13297318680098452,23,0.005109395109395109
fcf_1,hi889,-0.03349681699827281,-0.540186435908656,73,0.958030888030888
fcf_1,lo889,0.01636661489465158,0.27383082290734806,73,0.958030888030888
fcf_1,mom127,0.017809977491238443,0.31976942136527436,74,0.958030888030888
fcf_1,mom381,0.011505202368339656,0.1851196796562068,74,0.958030888030888
fcf_1,mom889,-0.0004958721727804668,-0.007470528806867124,73,0.958030888030888
fcf_1,rsi127,0.0165173505996481,0.314350843945264,74,0.958030888030888
fcf_3,hi889,-0.04433527855751176,-0.7080472448783595,71,0.9197554697554697
fcf_3,lo889,0.020199203248338994,0.3569366239148623,71,0.9197554697554697
fcf_3,mom127,0.02245618571109019,0.4088671165015012,72,0.9197554697554697
fcf_3,mom381,0.010017126028062968,0.14140895549924837,72,0.9197554697554697
fcf_3,mom889,0.0021592019470789087,0.03344786656648319,71,0.9197554697554697
fcf_3,rsi127,0.02303371284994587,0.4531953332324454,72,0.9197554697554697
fcf_7,hi889,-0.04563440731676252,-0.7058368250354873,68,0.8615358215358215
fcf_7,lo889,0.03697464207311245,0.5824066339095385,68,0.8615358215358215
fcf_7,mom127,0.015252082440322631,0.23536624556063593,69,0.8615358215358215
fcf_7,mom381,-0.0004429167616670692,-0.005733546449939515,69,0.8615358215358215
fcf_7,mom889,-0.008901681173005034,-0.1153135783692417,68,0.8615358215358215
fcf_7,rsi127,0.012932445441011318,0.21337253455885521,69,0.8615358215358215
cfi_1,hi889,0.08501687131121057,1.5341532753407006,73,0.9635135135135136
cfi_1,lo889,0.09438691943647821,1.917029861808924,73,0.9635135135135136
cfi_1,mom127,-0.03287703724469261,-0.5501368009817434,74,0.9635135135135136
cfi_1,mom381,-0.07370449128877277,-1.3063164129799973,74,0.9635135135135136
cfi_1,mom889,-0.12294573701643627,-2.117108660521637,73,0.9635135135135136
cfi_1,rsi127,-0.038545213274773754,-0.6183004728799388,74,0.9635135135135136
cfi_3,hi889,0.12299796676257797,1.664593735448764,71,0.9248391248391249
cfi_3,lo889,0.14074528381899715,2.3562315113265875,71,0.9248391248391249
cfi_3,mom127,-0.05633495202780999,-0.7106327064199606,72,0.9248391248391249
cfi_3,mom381,-0.11257973411983357,-1.6254133404111968,72,0.9248391248391249
cfi_3,mom889,-0.1743626688923916,-2.451855745686945,71,0.9248391248391249
cfi_3,rsi127,-0.06313962690206515,-0.7736431757948087,72,0.9248391248391249
cfi_7,hi889,0.16073784120979906,1.8113211384065595,68,0.8661904761904762
cfi_7,lo889,0.1848742415089964,2.806292773165213,68,0.8661904761904762
cfi_7,mom127,-0.08063749761847086,-0.8348949489100709,69,0.8661904761904762
cfi_7,mom381,-0.14781414991046604,-1.7212200602402972,69,0.8661904761904762
cfi_7,mom889,-0.21956397546576212,-2.7645219115722965,68,0.8661904761904762
cfi_7,rsi127,-0.08568702322983755,-0.8768885338551806,69,0.8661904761904762
changeWC_1,hi889,0.02806548108298533,0.319247141326471,73,0.9635135135135136
changeWC_1,lo889,0.03101709830423886,0.2599734001504292,73,0.9635135135135136
changeWC_1,mom127,-0.012962495789892071,-0.17347752844057596,74,0.9635135135135136
changeWC_1,mom381,-0.030291598950511946,-0.29742603076514984,74,0.9635135135135136
changeWC_1,mom889,-0.03821008854699295,-0.30395314655833494,73,0.9635135135135136
changeWC_1,rsi127,-0.014846105589216787,-0.18826990658011927,74,0.9635135135135136
changeWC_3,hi889,0.06718885616994102,0.954344801179661,71,0.9248391248391249
changeWC_3,lo889,0.08483120954281778,0.8989700881277175,71,0.9248391248391249
changeWC_3,mom127,-0.047309374031859835,-0.747435474074971,72,0.9248391248391249
changeWC_3,mom381,-0.07684863792667428,-0.9917688146041063,72,0.9248391248391249
changeWC_3,mom889,-0.09331723592920288,-0.9539023586573292,71,0.9248391248391249
changeWC_3,rsi127,-0.048330398795482926,-0.7145627763826032,72,0.9248391248391249
changeWC_7,hi889,0.09855754790739128,1.2554406013753319,68,0.8661904761904762
changeWC_7,lo889,0.13532249082376868,1.438859312761271,68,0.8661904761904762
changeWC_7,mom127,-0.07008864050751318,-0.9095219856620804,69,0.8661904761904762
changeWC_7,mom381,-0.11167131319869533,-1.3382514043872826,69,0.8661904761904762
changeWC_7,mom889,-0.14492761938632145,-1.535108853353032,68,0.8661904761904762
changeWC_7,rsi127,-0.07246844836970948,-0.8985741312000484,69,0.8661904761904762
assets_l_1,hi889,-0.21391441087778448,-2.027829502216889,73,0.963912483912484
assets_l_1,lo889,-0.2368414447770922,-3.7388513356456823,73,0.963912483912484
assets_l_1,mom127,0.09207424242983121,0.937196206445953,74,0.963912483912484
assets_l_1,mom381,0.20790760483376827,2.4492519683607283,74,0.963912483912484
assets_l_1,mom889,0.2901264566645458,3.7079108080300633,73,0.963912483912484
assets_l_1,rsi127,0.10100180460442511,1.0069876233810555,74,0.963912483912484
assets_l_3,hi889,-0.23209160174535765,-2.18375683777858,71,0.9255126555126555
assets_l_3,lo889,-0.26145541882687473,-3.947673399434101,71,0.9255126555126555
assets_l_3,mom127,0.11420504548366361,1.1374747990038137,72,0.9255126555126555
assets_l_3,mom381,0.22987809119163133,2.7596597199650987,72,0.9255126555126555
assets_l_3,mom889,0.310986540650559,3.9379406973163187,71,0.9255126555126555
assets_l_3,rsi127,0.12000131647475198,1.1752819960180103,72,0.9255126555126555
assets_l_7,hi889,-0.2457045783826525,-2.315090151194972,68,0.8671943371943371
assets_l_7,lo889,-0.280230276746452,-4.8375822726648785,68,0.8671943371943371
assets_l_7,mom127,0.13247993791738216,1.2918324654940976,69,0.8671943371943371
assets_l_7,mom381,0.24074687768127073,2.757835275820994,69,0.8671943371943371
assets_l_7,mom889,0.3234772304230153,4.33890466934755,68,0.8671943371943371
assets_l_7,rsi127,0.13440241607610268,1.2884018489605382,69,0.8671943371943371
assets_d_1,hi889,-0.21391447411594058,-2.0278319789976735,73,0.963912483912484
assets_d_1,lo889,-0.2368414539664473,-3.7388498891600026,73,0.963912483912484
assets_d_1,mom127,0.09207430333724573,0.9371973318434357,74,0.963912483912484
assets_d_1,mom381,0.207907616756986,2.449252442745795,74,0.963912483912484
assets_d_1,mom889,0.2901264847020959,3.7079087785788936,73,0.963912483912484
assets_d_1,rsi127,0.10100186534413032,1.0069886144749034,74,0.963912483912484
assets_d_3,hi889,-0.23209160840640158,-2.183759359442373,71,0.9255126555126555
assets_d_3,lo889,-0.2614553751528482,-3.947674713480141,71,0.9255126555126555
assets_d_3,mom127,0.11420512233473071,1.1374761739667953,72,0.9255126555126555
assets_d_3,mom381,0.22987811590173315,2.7596635323462784,72,0.9255126555126555
assets_d_3,mom889,0.31098655026651884,3.9379395585819257,71,0.9255126555126555
assets_d_3,rsi127,0.12000135138555629,1.1752836971765444,72,0.9255126555126555
assets_d_7,hi889,-0.24570471382456535,-2.3150928309275036,68,0.8671943371943371
assets_d_7,lo889,-0.2802303334807687,-4.837587712816763,68,0.8671943371943371
assets_d_7,mom127,0.13247996398858225,1.29183249673837,69,0.8671943371943371
assets_d_7,mom381,0.24074695903497886,2.7578376770162842,69,0.8671943371943371
assets_d_7,mom889,0.3234773042481839,4.338908544702475,68,0.8671943371943371
assets_d_7,rsi127,0.13440245897261544,1.2884024224902855,69,0.8671943371943371
equity_l_1,hi889,-0.11836325572123273,-1.5493102695442165,73,0.963912483912484
equity_l_1,lo889,-0.16371859818973736,-2.019302535623843,73,0.963912483912484
equity_l_1,mom127,0.05573496395980109,0.4253983693658348,74,0.963912483912484
equity_l_1,mom381,0.11637124677491337,1.0401851851662567,74,0.963912483912484
equity_l_1,mom889,0.17241802586894406,1.848931610337968,73,0.963912483912484
equity_l_1,rsi127,0.06948555930171474,0.5288715442174192,74,0.963912483912484
equity_l_3,hi889,-0.15149549184347225,-1.8231924410292148,71,0.9255126555126555
equity_l_3,lo889,-0.20023117133214816,-2.412942591854792,71,0.9255126555126555
equity_l_3,mom127,0.08333695280616708,0.6351854493758131,72,0.9255126555126555
equity_l_3,mom381,0.15107853990234432,1.368430383325237,72,0.9255126555126555
equity_l_3,mom889,0.20984665942256733,2.1774833778285854,71,0.9255126555126555
equity_l_3,rsi127,0.09485453853405329,0.7144221880548962,72,0.9255126555126555
equity_l_7,hi889,-0.18845202699038588,-2.0512126326811186,68,0.8671943371943371
equity_l_7,lo889,-0.23783539405683882,-2.891405798047344,68,0.8671943371943371
equity_l_7,mom127,0.10718135057321006,0.7930841629600608,69,0.8671943371943371
equity_l_7,mom381,0.18467076544000513,1.6207830785686346,69,0.8671943371943371
equity_l_7,mom889,0.25042552052387257,2.6814425303168243,68,0.8671943371943371
equity_l_7,rsi127,0.11626789614901406,0.856288923189808,69,0.8671943371943371
equity_d_1,hi889,-0.2857040492250475,-2.5463594154648486,73,0.9582668382668382
equity_d_1,lo889,-0.2846868287449826,-3.840455067656438,73,0.9582668382668382
equity_d_1,mom127,0.1325674938893518,1.1075980050195924,74,0.9582668382668382
equity_d_1,mom381,0.27161333743559746,2.6281702293174334,74,0.9582668382668382
equity_d_1,mom889,0.3351850777940792,4.275739851022426,73,0.9582668382668382
equity_d_1,rsi127,0.13872530147101125,1.1692063513491646,74,0.9582668382668382
equity_d_3,hi889,-0.2888376313291152,-2.6397323229704033,71,0.9202445302445302
equity_d_3,lo889,-0.2961442563507899,-4.101402007983501,71,0.9202445302445302
equity_d_3,mom127,0.15041651758963137,1.2879100906407395,72,0.9202445302445302
equity_d_3,mom381,0.2804444433216644,2.8654617413693826,72,0.9202445302445302
equity_d_3,mom889,0.34227069273815225,4.468113088597816,71,0.9202445302445302
equity_d_3,rsi127,0.15442856826970117,1.3476956178157804,72,0.9202445302445302
equity_d_7,hi889,-0.28103357657241274,-2.681529493315362,68,0.8622865722865722
equity_d_7,lo889,-0.3031363230144855,-4.976477147654256,68,0.8622865722865722
equity_d_7,mom127,0.15656639296154054,1.4200151158402956,69,0.8622865722865722
equity_d_7,mom381,0.2754813631960016,2.9550127594614546,69,0.8622865722865722
equity_d_7,mom889,0.3373332563566465,4.648165793508286,68,0.8622865722865722
equity_d_7,rsi127,0.157837965391731,1.4452946010531826,69,0.8622865722865722
liab_d_1,hi889,-0.09791569959514382,-1.4348775580905908,73,0.963912483912484
liab_d_1,lo889,-0.11624856860242455,-2.464526058036342,73,0.963912483912484
liab_d_1,mom127,0.04474995883411383,0.8187708747491006,74,0.963912483912484
liab_d_1,mom381,0.09781775930697308,2.00904355687345,74,0.963912483912484
liab_d_1,mom889,0.1504118620421755,2.6484097664193715,73,0.963912483912484
liab_d_1,rsi127,0.049216312338140014,0.9329583918115515,74,0.963912483912484
liab_d_3,hi889,-0.11684624139923615,-1.567879387769383,71,0.9255126555126555
liab_d_3,lo889,-0.13737296911797042,-2.7664676896147697,71,0.9255126555126555
liab_d_3,mom127,0.05743249657064604,0.9817314920484863,72,0.9255126555126555
liab_d_3,mom381,0.11856276079467504,2.3158639673881454,72,0.9255126555126555
liab_d_3,mom889,0.1733600109128793,2.8553722464848144,71,0.9255126555126555
liab_d_3,rsi127,0.06076020672590851,1.059227456501031,72,0.9255126555126555
liab_d_7,hi889,-0.14372420481373765,-1.7287975552931887,68,0.8671943371943371
liab_d_7,lo889,-0.16567678431844468,-3.5002563295179616,68,0.8671943371943371
liab_d_7,mom127,0.07714521496962902,1.206867157651608,69,0.8671943371943371
liab_d_7,mom381,0.14097548458757556,2.3110169347880705,69,0.8671943371943371
liab_d_7,mom889,0.2041183966263078,3.326385960160787,68,0.8671943371943371
liab_d_7,rsi127,0.07892334362489092,1.206356364857303,69,0.8671943371943371
inventory_d_1,hi889,-0.11535996634801851,-1.949541167696313,73,0.963912483912484
inventory_d_1,lo889,-0.1397026149347283,-2.6969244919820277,73,0.963912483912484
inventory_d_1,mom127,0.04954986643677822,0.7494649498254801,74,0.963912483912484
inventory_d_1,mom381,0.12453014706334184,2.2139584163803576,74,0.963912483912484
inventory_d_1,mom889,0.15911216657917027,2.8450780560495863,73,0.963912483912484
inventory_d_1,rsi127,0.058113682583142534,0.8934128640095074,74,0.963912483912484
inventory_d_3,hi889,-0.13207540999865386,-1.9985957849132405,71,0.9255126555126555
inventory_d_3,lo889,-0.15730392426394435,-2.9205605068481284,71,0.9255126555126555
inventory_d_3,mom127,0.07228712392781957,1.0811645008698054,72,0.9255126555126555
inventory_d_3,mom381,0.14180618985014082,2.4109884338463163,72,0.9255126555126555
inventory_d_3,mom889,0.1741966952178715,2.8150341990447765,71,0.9255126555126555
inventory_d_3,rsi127,0.07805289200844559,1.1446624123093567,72,0.9255126555126555
inventory_d_7,hi889,-0.1501031472709311,-2.062091170151861,68,0.8671943371943371
inventory_d_7,lo889,-0.18072127133332838,-3.23894197768167,68,0.8671943371943371
inventory_d_7,mom127,0.08826625365411149,1.1677149770405928,69,0.8671943371943371
inventory_d_7,mom381,0.1562301978843101,2.169757615285171,69,0.8671943371943371
inventory_d_7,mom889,0.19746800540278764,3.273746163110788,68,0.8671943371943371
inventory_d_7,rsi127,0.09208291232704688,1.1616772395061354,69,0.8671943371943371
receivables_d_1,hi889,-0.11198404664928185,-1.932143357967779,73,0.963912483912484
receivables_d_1,lo889,-0.14024480576620552,-2.243051878831748,73,0.963912483912484
receivables_d_1,mom127,0.06972471882920345,1.0678919322611524,74,0.963912483912484
receivables_d_1,mom381,0.11828909834643286,2.0178317140428734,74,0.963912483912484
receivables_d_1,mom889,0.1546720236353793,2.373509300127944,73,0.963912483912484
receivables_d_1,rsi127,0.07212935306101882,1.069337203501851,74,0.963912483912484
receivables_d_3,hi889,-0.12248127221538521,-2.002299176655024,71,0.9255126555126555
receivables_d_3,lo889,-0.1537443683581247,-2.291068577951032,71,0.9255126555126555
receivables_d_3,mom127,0.07945378596851407,1.141964374956994,72,0.9255126555126555
receivables_d_3,mom381,0.13142981012564434,2.0905593442044985,72,0.9255126555126555
receivables_d_3,mom889,0.16957878657036007,2.5345228502969177,71,0.9255126555126555
receivables_d_3,rsi127,0.08245454655500088,1.1541157791649017,72,0.9255126555126555
receivables_d_7,hi889,-0.14045449049475664,-2.1598697937938716,68,0.8671943371943371
receivables_d_7,lo889,-0.17803385712638561,-2.488159724053106,68,0.8671943371943371
receivables_d_7,mom127,0.09007440120083164,1.1024898712704179,69,0.8671943371943371
receivables_d_7,mom381,0.1409472450265538,1.8676713520523165,69,0.8671943371943371
receivables_d_7,mom889,0.1947524140473186,2.814039522668342,68,0.8671943371943371
receivables_d_7,rsi127,0.0918046272718321,1.086184912026544,69,0.8671943371943371
ppe_d_1,hi889,-0.08965106878213562,-0.963338671088569,73,0.963912483912484
ppe_d_1,lo889,-0.11308044905385295,-1.8012261064089357,73,0.963912483912484
ppe_d_1,mom127,0.008800626579232902,0.10513450317498,74,0.963912483912484
ppe_d_1,mom381,0.06112458727851405,0.6933952794738969,74,0.963912483912484
ppe_d_1,mom889,0.16799303000706936,2.14364728672185,73,0.963912483912484
ppe_d_1,rsi127,0.01925346871226519,0.22051790567206173,74,0.963912483912484
ppe_d_3,hi889,-0.11542269982053892,-1.2138982656234292,71,0.9255126555126555
ppe_d_3,lo889,-0.14017663251335655,-2.128528990226386,71,0.9255126555126555
ppe_d_3,mom127,0.027746793018881617,0.31213511050498094,72,0.9255126555126555
ppe_d_3,mom381,0.08917806683136267,1.0213569254562431,72,0.9255126555126555
ppe_d_3,mom889,0.19293736817456503,2.3681756500215854,71,0.9255126555126555
ppe_d_3,rsi127,0.039012108900491144,0.422411176510176,72,0.9255126555126555
ppe_d_7,hi889,-0.14795507313443387,-1.5307151112292365,68,0.8671943371943371
ppe_d_7,lo889,-0.17070378562959676,-2.5268520412399367,68,0.8671943371943371
ppe_d_7,mom127,0.052887624217818334,0.5478683642993666,69,0.8671943371943371
ppe_d_7,mom381,0.11882619828920016,1.2595964023927508,69,0.8671943371943371
ppe_d_7,mom889,0.22102350104517798,2.6969502159018743,68,0.8671943371943371
ppe_d_7,rsi127,0.06231995373922642,0.6261566624870376,69,0.8671943371943371
cash_d_1,hi889,-0.1266364642326055,-2.54707216248427,73,0.963912483912484
cash_d_1,lo889,-0.12514920616987246,-2.714310622215037,73,0.963912483912484
cash_d_1,mom127,0.06572559964495599,1.364260901979704,74,0.963912483912484
cash_d_1,mom381,0.13047056724382863,2.493637228954732,74,0.963912483912484
cash_d_1,mom889,0.1322415043610837,2.877124054751104,73,0.963912483912484
cash_d_1,rsi127,0.06711063760911692,1.4094504555221026,74,0.963912483912484
cash_d_3,hi889,-0.13957918571051667,-2.410353248246962,71,0.9255126555126555
cash_d_3,lo889,-0.1448715487546466,-2.3387320463117516,71,0.9255126555126555
cash_d_3,mom127,0.08394657571150715,1.4366806536123449,72,0.9255126555126555
cash_d_3,mom381,0.14534167643291196,2.1645211562485662,72,0.9255126555126555
cash_d_3,mom889,0.14934525898022152,2.5947474951043463,71,0.9255126555126555
cash_d_3,rsi127,0.08230692583132954,1.4132804234343457,72,0.9255126555126555
cash_d_7,hi889,-0.15478865870649638,-2.573885676634919,68,0.8671943371943371
cash_d_7,lo889,-0.1645365222706399,-2.9271411188605705,68,0.8671943371943371
cash_d_7,mom127,0.09725274239938762,1.509543231326029,69,0.8671943371943371
cash_d_7,mom381,0.16096103971018177,2.5974880894167853,69,0.8671943371943371
cash_d_7,mom889,0.1695085716644577,2.9993486760652344,68,0.8671943371943371
cash_d_7,rsi127,0.09414450497866753,1.4446532568912498,69,0.8671943371943371
debt_d_1,hi889,-0.03202743772298456,-0.5296208271727811,73,0.963912483912484
debt_d_1,lo889,-0.04433721359908917,-1.1376837202285728,73,0.963912483912484
debt_d_1,mom127,-0.00808108645498805,-0.17204221254336863,74,0.963912483912484
debt_d_1,mom381,0.021974425963290432,0.5194520448423942,74,0.963912483912484
debt_d_1,mom889,0.08222841744858493,1.7696625789669742,73,0.963912483912484
debt_d_1,rsi127,-0.0050882818056269125,-0.10964308931848023,74,0.963912483912484
debt_d_3,hi889,-0.052215284502231146,-0.7828838070847146,71,0.9255126555126555
debt_d_3,lo889,-0.06961816824600353,-1.7308741549251303,71,0.9255126555126555
debt_d_3,mom127,0.0029707342001890295,0.060524627457373206,72,0.9255126555126555
debt_d_3,mom381,0.04814613336063403,1.0764247753694824,72,0.9255126555126555
debt_d_3,mom889,0.1093050814447856,2.1395398514828297,71,0.9255126555126555
debt_d_3,rsi127,0.006206587929994144,0.1285653073272453,72,0.9255126555126555
debt_d_7,hi889,-0.08334117877464044,-1.1536068971155597,68,0.8671943371943371
debt_d_7,lo889,-0.10570068541589978,-2.5253701394297168,68,0.8671943371943371
debt_d_7,mom127,0.03202393856428591,0.5584074778819854,69,0.8671943371943371
debt_d_7,mom381,0.08380969602515748,1.6450522769240399,69,0.8671943371943371
debt_d_7,mom889,0.14470744425585658,2.622633862947937,68,0.8671943371943371
debt_d_7,rsi127,0.032476551102684166,0.5711961362843286,69,0.8671943371943371
goodwill_d_1,hi889,-0.10109541685040913,-1.2078390324312083,73,0.963912483912484
goodwill_d_1,lo889,-0.10964588907586939,-1.8584019557772309,73,0.963912483912484
goodwill_d_1,mom127,0.022088817812144522,0.3157019068541952,74,0.963912483912484
goodwill_d_1,mom381,0.0771392452494688,1.071602708224537,74,0.963912483912484
goodwill_d_1,mom889,0.15584273536946489,2.1969199002298896,73,0.963912483912484
goodwill_d_1,rsi127,0.027228716105583913,0.39419263515496955,74,0.963912483912484
goodwill_d_3,hi889,-0.1303498447364709,-1.5512126966357271,71,0.9255126555126555
goodwill_d_3,lo889,-0.1436932153629127,-2.296380422155151,71,0.9255126555126555
goodwill_d_3,mom127,0.04514965943955133,0.5746867991934184,72,0.9255126555126555
goodwill_d_3,mom381,0.11036311447444896,1.5241533174573767,72,0.9255126555126555
goodwill_d_3,mom889,0.18761786279370943,2.696273106278391,71,0.9255126555126555
goodwill_d_3,rsi127,0.050163256170151084,0.6441465075994385,72,0.9255126555126555
goodwill_d_7,hi889,-0.15834219750039188,-1.887607895096234,68,0.8671943371943371
goodwill_d_7,lo889,-0.1769264135727545,-3.0159033722704405,68,0.8671943371943371
goodwill_d_7,mom127,0.07177601163804788,0.8010553163493749,69,0.8671943371943371
goodwill_d_7,mom381,0.14155969106217617,1.7900678993570955,69,0.8671943371943371
goodwill_d_7,mom889,0.21365226528396114,3.424508176282051,68,0.8671943371943371
goodwill_d_7,rsi127,0.07525224437672831,0.8494831978233386,69,0.8671943371943371
retained_d_1,hi889,-0.2951281687259731,-2.822754693967945,73,0.963912483912484
retained_d_1,lo889,-0.2864072093804968,-3.534377926652398,73,0.963912483912484
retained_d_1,mom127,0.15190309106320266,1.1968375917486438,74,0.963912483912484
retained_d_1,mom381,0.2691103525143541,2.4991750271985183,74,0.963912483912484
retained_d_1,mom889,0.3306953070302008,4.24215421414066,73,0.963912483912484
retained_d_1,rsi127,0.1557989665901892,1.228731364236361,74,0.963912483912484
retained_d_3,hi889,-0.3029366464113328,-2.938305075490208,71,0.9255126555126555
retained_d_3,lo889,-0.29079365017587533,-3.772163832357312,71,0.9255126555126555
retained_d_3,mom127,0.16641226717176366,1.3358348006165095,72,0.9255126555126555
retained_d_3,mom381,0.27725671345025954,2.6891417308157326,72,0.9255126555126555
retained_d_3,mom889,0.3372932512731461,4.402037293570669,71,0.9255126555126555
retained_d_3,rsi127,0.16723601166709923,1.3670720173432562,72,0.9255126555126555
retained_d_7,hi889,-0.30224468442706687,-3.0560280522960617,68,0.8671943371943371
retained_d_7,lo889,-0.2853556749402613,-4.413063736177774,68,0.8671943371943371
retained_d_7,mom127,0.17177409480153047,1.4283400230649475,69,0.8671943371943371
retained_d_7,mom381,0.2676826851731057,2.666668480311833,69,0.8671943371943371
retained_d_7,mom889,0.33058183311538086,4.391502063364705,68,0.8671943371943371
retained_d_7,rsi127,0.16804105008130807,1.4263875484936388,69,0.8671943371943371
accrual_1,hi889,-0.0626387243900619,-1.0097150173946303,73,0.9634963534963535
accrual_1,lo889,-0.08117908048736405,-1.2889069267013735,73,0.9634963534963535
accrual_1,mom127,0.03523088261021612,0.6075577454214304,74,0.9634963534963535
accrual_1,mom381,0.06340367305633646,1.1708054991375187,74,0.9634963534963535
accrual_1,mom889,0.08697908367049043,1.2778895743229381,73,0.9634963534963535
accrual_1,rsi127,0.03589924538528645,0.6780378941923599,74,0.9634963534963535
accrual_3,hi889,-0.09480541557270716,-1.6700842860227656,71,0.9248133848133848
accrual_3,lo889,-0.10761256611265488,-1.7446672179968914,71,0.9248133848133848
accrual_3,mom127,0.05657099888808822,0.8617219769413131,72,0.9248133848133848
accrual_3,mom381,0.09775952068643307,1.8204199549641449,72,0.9248133848133848
accrual_3,mom889,0.11931365253671349,1.9527376632824507,71,0.9248133848133848
accrual_3,rsi127,0.052274847350620685,0.8532113676415359,72,0.9248133848133848
accrual_7,hi889,-0.10080605902537633,-1.8554975684414656,68,0.8661604461604462
accrual_7,lo889,-0.12155167014528259,-1.6690815926356775,68,0.8661604461604462
accrual_7,mom127,0.06946002713855207,1.06064042803328,69,0.8661604461604462
accrual_7,mom381,0.10813608136314333,1.8297439459281866,69,0.8661604461604462
accrual_7,mom889,0.1286304895468108,1.975927919720181,68,0.8661604461604462
accrual_7,rsi127,0.06511773876634289,1.0069529569228648,69,0.8661604461604462
accrual_g_1,hi889,-0.07483955574678662,-1.430552326883088,73,0.4497254397254397
accrual_g_1,lo889,-0.07891456520942622,-1.6884603619914098,73,0.4497254397254397
accrual_g_1,mom127,0.052061620681481235,0.9739691477946502,74,0.4497254397254397
accrual_g_1,mom381,0.07094622538207536,1.4411064252320043,74,0.4497254397254397
accrual_g_1,mom889,0.08258732627019508,1.5838749070711573,73,0.4497254397254397
accrual_g_1,rsi127,0.05314461467736618,1.0452502752436788,74,0.4497254397254397
accrual_g_3,hi889,-0.09671299514365284,-1.8087552050112774,71,0.4395280995280995
accrual_g_3,lo889,-0.10346535943803628,-2.287334819906541,71,0.4395280995280995
accrual_g_3,mom127,0.0717113763252054,1.1878727568035126,72,0.4395280995280995
accrual_g_3,mom381,0.09679299967847067,2.212661636583342,72,0.4395280995280995
accrual_g_3,mom889,0.11060771920675974,2.035867533486233,71,0.4395280995280995
accrual_g_3,rsi127,0.06938245337339716,1.2839274497397108,72,0.4395280995280995
accrual_g_7,hi889,-0.10766943375552425,-2.322234965622322,68,0.421029601029601
accrual_g_7,lo889,-0.12096830317735059,-2.4684323478066417,68,0.421029601029601
accrual_g_7,mom127,0.08102106816917841,1.3858966636535617,69,0.421029601029601
accrual_g_7,mom381,0.1149220617968148,2.6604508371930016,69,0.421029601029601
accrual_g_7,mom889,0.12440353849220091,2.601519250788927,68,0.421029601029601
accrual_g_7,rsi127,0.07798217556650767,1.3799370208079373,69,0.421029601029601
ebit_d_1,hi889,-0.12127660740296593,-2.2893613616908315,73,0.9581338481338482
ebit_d_1,lo889,-0.11858586857993694,-2.3450867788164653,73,0.9581338481338482
ebit_d_1,mom127,0.16936512633950887,2.552967517801793,74,0.9581338481338482
ebit_d_1,mom381,0.1409592222459089,2.950393261949418,74,0.9581338481338482
ebit_d_1,mom889,0.09110245952811603,1.9002247410360713,73,0.9581338481338482
ebit_d_1,rsi127,0.16480166020867443,2.4328695904125706,74,0.9581338481338482
ebit_d_3,hi889,-0.16007676517436525,-2.790674458456683,71,0.9154912054912054
ebit_d_3,lo889,-0.15469988803972679,-2.9591943409524277,71,0.9154912054912054
ebit_d_3,mom127,0.2018000589523577,2.6714183932468596,72,0.9154912054912054
ebit_d_3,mom381,0.1879570138263942,3.968140661829021,72,0.9154912054912054
ebit_d_3,mom889,0.11615420835029576,2.122096562575036,71,0.9154912054912054
ebit_d_3,rsi127,0.1963946722099316,2.649917353083602,72,0.9154912054912054
ebit_d_7,hi889,-0.2134051289005992,-4.082933665253477,68,0.8209051909051909
ebit_d_7,lo889,-0.2069311852430952,-4.01687194812305,68,0.8209051909051909
ebit_d_7,mom127,0.2000242095914972,2.6920704859017572,69,0.8209051909051909
ebit_d_7,mom381,0.26014787163570985,5.528314955022062,69,0.8209051909051909
ebit_d_7,mom889,0.1560681553893625,3.3682777100050147,68,0.8209051909051909
ebit_d_7,rsi127,0.19608618059385105,2.562139162893483,69,0.8209051909051909
ebit_da_1,hi889,-0.12183136364817732,-2.3171352725227106,73,0.9636851136851137
ebit_da_1,lo889,-0.12560783075994578,-2.4396139847626435,73,0.9636851136851137
ebit_da_1,mom127,0.17317378937623557,2.667361212510986,74,0.9636851136851137
ebit_da_1,mom381,0.1465797900471958,3.2452617824387793,74,0.9636851136851137
ebit_da_1,mom889,0.09272192613017166,1.9030193692942978,73,0.9636851136851137
ebit_da_1,rsi127,0.16744790931474818,2.5223028545745403,74,0.9636851136851137
ebit_da_3,hi889,-0.16040435861637803,-2.758901025048167,71,0.9216259116259117
ebit_da_3,lo889,-0.1631787730563495,-2.957704572981318,71,0.9216259116259117
ebit_da_3,mom127,0.2084125090104693,2.7870097188537017,72,0.9216259116259117
ebit_da_3,mom381,0.19567261909860634,4.518532758272445,72,0.9216259116259117
ebit_da_3,mom889,0.11838551645105286,2.107910929425343,71,0.9216259116259117
ebit_da_3,rsi127,0.19970767611067203,2.7223221548138503,72,0.9216259116259117
ebit_da_7,hi889,-0.21684272558649945,-4.028153095335612,68,0.8285113685113685
ebit_da_7,lo889,-0.21765964468474094,-3.9834723673701897,68,0.8285113685113685
ebit_da_7,mom127,0.20721966399957675,2.770825773475311,69,0.8285113685113685
ebit_da_7,mom381,0.2691962763108747,6.426008809224039,69,0.8285113685113685
ebit_da_7,mom889,0.15916166690117886,3.2501474939305064,68,0.8285113685113685
ebit_da_7,rsi127,0.1979860295253253,2.5518700108933143,69,0.8285113685113685
revenue_d_1,hi889,-0.16747628848293253,-3.081383167124383,73,0.9636851136851137
revenue_d_1,lo889,-0.18333917828989657,-3.5943855911754423,73,0.9636851136851137
revenue_d_1,mom127,0.1477038810888624,1.9774286706453021,74,0.9636851136851137
revenue_d_1,mom381,0.18469893848195312,3.870458774371015,74,0.9636851136851137
revenue_d_1,mom889,0.17249320370559967,3.301679233643835,73,0.9636851136851137
revenue_d_1,rsi127,0.14859493911483604,1.9513559789139305,74,0.9636851136851137
revenue_d_3,hi889,-0.21359534836776625,-3.4231716390934923,71,0.9216259116259117
revenue_d_3,lo889,-0.2343613036934631,-4.435545434223742,71,0.9216259116259117
revenue_d_3,mom127,0.1687077459953511,1.960809179721095,72,0.9216259116259117
revenue_d_3,mom381,0.23222212056005997,4.240050959260496,72,0.9216259116259117
revenue_d_3,mom889,0.22560420588878782,3.997324516228795,71,0.9216259116259117
revenue_d_3,rsi127,0.16947812898383333,1.9225398569715695,72,0.9216259116259117
revenue_d_7,hi889,-0.24891154832835466,-3.3428742812180583,68,0.8285113685113685
revenue_d_7,lo889,-0.2784175211225413,-5.093209079536394,68,0.8285113685113685
revenue_d_7,mom127,0.15663409098760905,1.6306141634068283,69,0.8285113685113685
revenue_d_7,mom381,0.2565044634256884,3.731457164612581,69,0.8285113685113685
revenue_d_7,mom889,0.2820280708178376,4.7356752180029975,68,0.8285113685113685
revenue_d_7,rsi127,0.15742980838789733,1.5695428058458751,69,0.8285113685113685
grossProfit_d_1,hi889,-0.16855950098407746,-2.935717544079053,73,0.9636851136851137
grossProfit_d_1,lo889,-0.1797845255841069,-3.2473701432397446,73,0.9636851136851137
grossProfit_d_1,mom127,0.184564640652946,2.505037014051474,74,0.9636851136851137
grossProfit_d_1,mom381,0.18961138756294596,3.7867405014843336,74,0.9636851136851137
grossProfit_d_1,mom889,0.15372748127267752,2.732911713315917,73,0.9636851136851137
grossProfit_d_1,rsi127,0.18274309679624504,2.4243491624278763,74,0.9636851136851137
grossProfit_d_3,hi889,-0.2178525288605175,-3.5616526466852654,71,0.9216259116259117
grossProfit_d_3,lo889,-0.22815206197202523,-3.9648298890078055,71,0.9216259116259117
grossProfit_d_3,mom127,0.21395866135288186,2.3919022161691124,72,0.9216259116259117
grossProfit_d_3,mom381,0.2439538963866985,4.776553267805037,72,0.9216259116259117
grossProfit_d_3,mom889,0.19685630803255583,3.4025133773942837,71,0.9216259116259117
grossProfit_d_3,rsi127,0.21014736070827192,2.3525936466704307,72,0.9216259116259117
grossProfit_d_7,hi889,-0.28028686163999894,-4.026964788713629,68,0.8285113685113685
grossProfit_d_7,lo889,-0.28750063745484916,-5.133260601455238,68,0.8285113685113685
grossProfit_d_7,mom127,0.20589049417202296,2.1215816189736096,69,0.8285113685113685
grossProfit_d_7,mom381,0.29576461704365625,4.400515391203232,69,0.8285113685113685
grossProfit_d_7,mom889,0.263437083782944,4.962721754473124,68,0.8285113685113685
grossProfit_d_7,rsi127,0.20265236379948626,2.031679046177981,69,0.8285113685113685
netIncome_d_1,hi889,-0.13110985551884824,-2.3271074821640725,73,0.9636851136851137
netIncome_d_1,lo889,-0.13788567620479864,-2.586041429851172,73,0.9636851136851137
netIncome_d_1,mom127,0.18477610605352887,2.8039450412350075,74,0.9636851136851137
netIncome_d_1,mom381,0.15865014015393597,3.232375224789546,74,0.9636851136851137
netIncome_d_1,mom889,0.10304556835777555,2.0410182905138696,73,0.9636851136851137
netIncome_d_1,rsi127,0.1789273020552727,2.667093355486198,74,0.9636851136851137
netIncome_d_3,hi889,-0.1688088919129815,-2.713177596711688,71,0.9216259116259117
netIncome_d_3,lo889,-0.17135888752652853,-2.9152752332424217,71,0.9216259116259117
netIncome_d_3,mom127,0.219288320515328,2.9051057857774527,72,0.9216259116259117
netIncome_d_3,mom381,0.20430909246980639,4.205711472385578,72,0.9216259116259117
netIncome_d_3,mom889,0.12546279419112724,2.060018722490227,71,0.9216259116259117
netIncome_d_3,rsi127,0.21146167498609986,2.8417238834101517,72,0.9216259116259117
netIncome_d_7,hi889,-0.22379095297225338,-3.7054328294696157,68,0.8285113685113685
netIncome_d_7,lo889,-0.22351072924782123,-3.5250439265299693,68,0.8285113685113685
netIncome_d_7,mom127,0.21675977372201774,2.8775196771331473,69,0.8285113685113685
netIncome_d_7,mom381,0.2772265224478857,5.95984323049122,69,0.8285113685113685
netIncome_d_7,mom889,0.1592550890741042,2.927871987414408,68,0.8285113685113685
netIncome_d_7,rsi127,0.2079370723292672,2.667762817245119,69,0.8285113685113685
ocf_d_1,hi889,-0.022524225797907946,-0.596185497620275,73,0.9631145431145431
ocf_d_1,lo889,-0.014214568495238195,-0.3581516575742898,73,0.9631145431145431
ocf_d_1,mom127,0.029250677349519486,0.8495405672107261,74,0.9631145431145431
ocf_d_1,mom381,0.021413342834761852,0.5605548750061525,74,0.9631145431145431
ocf_d_1,mom889,0.01477661627201731,0.36981125875390947,73,0.9631145431145431
ocf_d_1,rsi127,0.030874123289040923,0.9341137087136607,74,0.9631145431145431
ocf_d_3,hi889,-0.04516519934652848,-1.1213142045257598,71,0.9202230802230802
ocf_d_3,lo889,-0.037192804801351134,-0.6273777081421561,71,0.9202230802230802
ocf_d_3,mom127,0.0532901182358185,1.2616775384243584,72,0.9202230802230802
ocf_d_3,mom381,0.04050020656790064,0.8471221474193089,72,0.9202230802230802
ocf_d_3,mom889,0.037420967578021845,0.6176058135454684,71,0.9202230802230802
ocf_d_3,rsi127,0.05622999643072318,1.4220863774918338,72,0.9202230802230802
ocf_d_7,hi889,-0.0940122300113454,-2.2265365167092064,68,0.8233033033033033
ocf_d_7,lo889,-0.07233933676477917,-1.1476302685843165,68,0.8233033033033033
ocf_d_7,mom127,0.07165621235123691,1.4393708389212603,69,0.8233033033033033
ocf_d_7,mom381,0.08337710842301646,1.4567507925763794,69,0.8233033033033033
ocf_d_7,mom889,0.07587239148528221,1.195327309992218,68,0.8233033033033033
ocf_d_7,rsi127,0.0741627506041136,1.4696106170078946,69,0.8233033033033033
ocf_de_1,hi889,-0.021981844064228158,-0.5659257575137886,73,0.9576833976833977
ocf_de_1,lo889,-0.012375919726666315,-0.3167938630593777,73,0.9576833976833977
ocf_de_1,mom127,0.02742763382078973,0.8018370701455915,74,0.9576833976833977
ocf_de_1,mom381,0.020467424787265553,0.5522955543933769,74,0.9576833976833977
ocf_de_1,mom889,0.01330686335726526,0.32811074009565516,73,0.9576833976833977
ocf_de_1,rsi127,0.029061564876072365,0.8901084225627308,74,0.9576833976833977
ocf_de_3,hi889,-0.043142824912344675,-1.1741496562805138,71,0.914101244101244
ocf_de_3,lo889,-0.031180073487787577,-0.580349588866997,71,0.914101244101244
ocf_de_3,mom127,0.04865337308929074,1.229313387327305,72,0.914101244101244
ocf_de_3,mom381,0.03783886499424864,0.8755436983929231,72,0.914101244101244
ocf_de_3,mom889,0.03428409300476079,0.6160991286472284,71,0.914101244101244
ocf_de_3,rsi127,0.05078756544752009,1.3629166225236582,72,0.914101244101244
ocf_de_7,hi889,-0.08778959408515513,-2.103783061174609,68,0.8158730158730159
ocf_de_7,lo889,-0.058996574261149855,-0.9539180525048614,68,0.8158730158730159
ocf_de_7,mom127,0.06482819790100822,1.3723046053520525,69,0.8158730158730159
ocf_de_7,mom381,0.07589797803393789,1.3632456129822097,69,0.8158730158730159
ocf_de_7,mom889,0.06552839230784725,1.0412035693020865,68,0.8158730158730159
ocf_de_7,rsi127,0.06670093252533622,1.4140374884678875,69,0.8158730158730159
capex_d_1,hi889,0.09652350543188985,2.7009807743841834,73,0.9631145431145431
capex_d_1,lo889,0.09800091853197561,2.921171251427906,73,0.9631145431145431
capex_d_1,mom127,-0.05597843740595944,-1.4340904680350461,74,0.9631145431145431
capex_d_1,mom381,-0.10989096789703615,-3.29724030360258,74,0.9631145431145431
capex_d_1,mom889,-0.09652946408098295,-2.971486210761033,73,0.9631145431145431
capex_d_1,rsi127,-0.05710189982476692,-1.4274744385006326,74,0.9631145431145431
capex_d_3,hi889,0.15562554633689632,3.2186945230170947,71,0.9202230802230802
capex_d_3,lo889,0.15518966595955747,3.6095397257048933,71,0.9202230802230802
capex_d_3,mom127,-0.07973583580272894,-1.4629737767475068,72,0.9202230802230802
capex_d_3,mom381,-0.1685195503130973,-4.161264989879688,72,0.9202230802230802
capex_d_3,mom889,-0.15426208763838326,-3.860647676769172,71,0.9202230802230802
capex_d_3,rsi127,-0.08229277570396722,-1.5039773107176317,72,0.9202230802230802
capex_d_7,hi889,0.21056971392940457,3.268671065618376,68,0.8233033033033033
capex_d_7,lo889,0.21740345676305803,4.477597972854968,68,0.8233033033033033
capex_d_7,mom127,-0.10670567270013516,-1.4877843949566154,69,0.8233033033033033
capex_d_7,mom381,-0.20728207169384805,-3.781260717433645,69,0.8233033033033033
capex_d_7,mom889,-0.2283169173776589,-4.746963042656782,68,0.8233033033033033
capex_d_7,rsi127,-0.10769712379979772,-1.509632930622496,69,0.8233033033033033
fcf_d_1,hi889,0.01881755025691443,0.4847191340889314,73,0.9631145431145431
fcf_d_1,lo889,0.026296493106766176,0.6631629738005665,73,0.9631145431145431
fcf_d_1,mom127,0.0006590403974964539,0.018493129307457185,74,0.9631145431145431
fcf_d_1,mom381,-0.027938564143304402,-0.73208975966244,74,0.9631145431145431
fcf_d_1,mom889,-0.024603295025105054,-0.6394037051314404,73,0.9631145431145431
fcf_d_1,rsi127,0.0015427754081696035,0.044400473778273324,74,0.9631145431145431
fcf_d_3,hi889,0.030518318995390044,0.7389260265828629,71,0.9202230802230802
fcf_d_3,lo889,0.03787549051168061,0.7200765876986092,71,0.9202230802230802
fcf_d_3,mom127,0.006937078337369417,0.1522943089616192,72,0.9202230802230802
fcf_d_3,mom381,-0.045793257906814544,-0.9631299230769281,72,0.9202230802230802
fcf_d_3,mom889,-0.035829557212531886,-0.7070913901865026,71,0.9202230802230802
fcf_d_3,rsi127,0.008022836166675491,0.18498587333249936,72,0.9202230802230802
fcf_d_7,hi889,0.033680464857448404,0.8256217670809461,68,0.8233033033033033
fcf_d_7,lo889,0.060516693945165734,1.090024063800898,68,0.8233033033033033
fcf_d_7,mom127,-0.0024168192695652154,-0.05235109222524018,69,0.8233033033033033
fcf_d_7,mom381,-0.04773587181168798,-0.9373000821640014,69,0.8233033033033033
fcf_d_7,mom889,-0.060148652142105234,-1.278127376753943,68,0.8233033033033033
fcf_d_7,rsi127,-0.001491502544041194,-0.03349707717495458,69,0.8233033033033033
accrual_d_1,hi889,-0.029113139765057538,-0.6571694072337358,73,0.9630802230802231
accrual_d_1,lo889,-0.03709739608774805,-0.9705079593882298,73,0.9630802230802231
accrual_d_1,mom127,0.04850924327851134,1.2483132738187819,74,0.9630802230802231
accrual_d_1,mom381,0.04091397634384932,1.0352888240027718,74,0.9630802230802231
accrual_d_1,mom889,0.021935781327963932,0.5014378357910895,73,0.9630802230802231
accrual_d_1,rsi127,0.04376390984431567,1.2488240486503446,74,0.9630802230802231
accrual_d_3,hi889,-0.04717058884758818,-0.8703991391075011,71,0.9201544401544401
accrual_d_3,lo889,-0.05304368958095395,-1.0279836253622454,71,0.9201544401544401
accrual_d_3,mom127,0.0724517323928981,1.4907830089588627,72,0.9201544401544401
accrual_d_3,mom381,0.07085500337557127,1.9367574567905694,72,0.9201544401544401
accrual_d_3,mom889,0.026535633048054126,0.4000843471455887,71,0.9201544401544401
accrual_d_3,rsi127,0.06489409367691715,1.484801315668047,72,0.9201544401544401
accrual_d_7,hi889,-0.06820843996430259,-1.4809851907005382,68,0.8232132132132132
accrual_d_7,lo889,-0.0850406051134571,-1.5215757126336202,68,0.8232132132132132
accrual_d_7,mom127,0.08773489875986264,2.0429482160101595,69,0.8232132132132132
accrual_d_7,mom381,0.11581387943944484,3.5608797261951586,69,0.8232132132132132
accrual_d_7,mom889,0.037450413465306025,0.5409943288100312,68,0.8232132132132132
accrual_d_7,rsi127,0.078230460109505,1.7718260128915493,69,0.8232132132132132
