symbol,date,three,seven,thirty_one,up_down
002249.SZ,20251017,0.8596968,2.5122032,10.355773,13.727673
002026.SZ,20251017,1.2639453,2.2538068,7.3993826,10.917135
603019.SS,20251017,0.0335809,1.9784195,8.260996,10.272997
000425.SZ,20251017,0.7692626,1.9657874,6.5894356,9.324486
002241.SZ,20251017,0.30043715,2.0854623,6.44182,8.82772
300049.SZ,20251017,0.33039716,1.9490962,6.294382,8.573875
688681.SS,20251017,0.5954047,1.5411289,5.5998526,7.7363863
300306.SZ,20251017,0.5481116,2.2624624,4.1999006,7.0104747
603606.SS,20251017,0.64940256,0.8287977,5.2214947,6.6996946
300433.SZ,20251017,0.098172426,2.1813872,4.3561325,6.635692
000060.SZ,20251017,0.54293305,1.3768053,4.6769333,6.5966716
603181.SS,20251017,0.52583545,1.3444474,4.6222124,6.4924955
300002.SZ,20251017,-0.014473962,0.7211726,5.683715,6.3904133
000970.SZ,20251017,0.55682784,1.3065398,4.450224,6.3135915
300400.SZ,20251017,0.33378896,1.403647,4.5562496,6.2936854
603203.SS,20251017,0.039936244,2.1008196,4.1263494,6.267105
002056.SZ,20251017,0.7410602,1.6485713,3.864691,6.2543225
002273.SZ,20251017,0.13785458,3.3857741,2.528329,6.0519576
603259.SS,20251017,0.21522447,-0.16257438,5.987624,6.040274
002144.SZ,20251017,0.60151094,0.7821872,4.650237,6.0339355
600160.SS,20251017,0.5210726,1.5307635,3.9420588,5.9938946
002028.SZ,20251017,0.22658059,0.6746948,4.8358603,5.737136
600699.SS,20251017,0.3909929,0.3938385,4.811507,5.5963387
600835.SS,20251017,-0.22025341,0.76872396,4.755047,5.3035173
002558.SZ,20251017,0.49897373,0.97937644,3.7582405,5.2365904
603127.SS,20251017,0.14975724,0.7710662,4.2893505,5.210174
002283.SZ,20251017,0.11683312,0.9562992,4.1229477,5.19608
603013.SS,20251017,1.1364133,1.6313055,2.405372,5.173091
002020.SZ,20251017,0.23579204,0.9139309,3.907832,5.0575547
002236.SZ,20251017,0.49233967,0.931231,3.628999,5.0525694
300018.SZ,20251017,0.613846,2.3740926,2.0059898,4.9939284
002782.SZ,20251017,0.4399283,0.8965275,3.6155398,4.951996
600999.SS,20251017,0.47740698,1.0699859,3.3532999,4.900693
002043.SZ,20251017,0.20658135,0.94612813,3.6646206,4.8173304
300408.SZ,20251017,0.27539852,0.42017332,3.9051387,4.6007104
603989.SS,20251017,0.3952474,1.3239307,2.8531349,4.5723133
300573.SZ,20251017,-0.28909364,0.2779065,4.5834465,4.5722594
600497.SS,20251017,0.62468594,1.3038473,2.6202366,4.54877
300699.SZ,20251017,1.0947734,0.7667688,2.598896,4.4604383
000063.SZ,20251017,0.37235755,0.5758549,3.5029624,4.4511747
002947.SZ,20251017,0.6180164,1.3753303,2.4526331,4.44598
000408.SZ,20251017,0.44184038,1.2879056,2.6714318,4.401178
603758.SS,20251017,0.6899494,1.469096,2.2209027,4.3799477
600980.SS,20251017,0.4123362,0.99931204,2.7414815,4.1531296
600282.SS,20251017,0.47780696,0.9454143,2.7052777,4.128499
002222.SZ,20251017,0.4058472,1.8868833,1.8291147,4.1218452
603699.SS,20251017,0.6725858,0.53593683,2.8170788,4.0256014
601336.SS,20251017,0.39340925,1.2595961,2.3702192,4.023225
300660.SZ,20251017,0.57425046,1.355443,2.0595074,3.9892008
603823.SS,20251017,0.72734565,1.0296941,2.198798,3.9558377
601958.SS,20251017,0.6257114,0.6837535,2.6204402,3.9299052
600769.SS,20251017,0.35345513,1.0224419,2.5443044,3.9202013
603160.SS,20251017,0.23691604,1.4150305,2.2159712,3.8679178
600563.SS,20251017,0.443001,0.7493689,2.6007926,3.7931626
002152.SZ,20251017,0.26732153,0.919225,2.600291,3.7868376
002415.SZ,20251017,0.31167343,0.69143045,2.768462,3.771566
688663.SS,20251017,0.040620297,0.7008344,2.9658632,3.7073178
688579.SS,20251017,0.5943377,0.40894237,2.661589,3.6648688
600570.SS,20251017,0.2603877,0.54472744,2.8542817,3.6593966
603058.SS,20251017,0.42855307,2.579561,0.5604497,3.568564
300308.SZ,20251017,0.40434882,1.3605957,1.7486832,3.5136278
000885.SZ,20251017,0.3381327,1.234398,1.8958318,3.4683626
300519.SZ,20251017,-0.12749131,0.28931895,3.2957094,3.457537
603706.SS,20251017,0.08397703,0.5674747,2.7699473,3.421399
300661.SZ,20251017,0.15379731,1.0780994,2.1214976,3.3533943
601633.SS,20251017,0.39768234,0.30572858,2.56557,3.268981
002920.SZ,20251017,0.35026625,1.3811308,1.5146422,3.2460394
603786.SS,20251017,0.29990417,0.22718844,2.6575522,3.1846447
600926.SS,20251017,0.20960017,1.0681419,1.8969979,3.17474
002803.SZ,20251017,0.38338172,1.0154958,1.7700405,3.1689181
002960.SZ,20251017,0.24893856,1.0721273,1.8180356,3.1391015
300570.SZ,20251017,0.47488052,1.2351123,1.4269745,3.1369674
603486.SS,20251017,0.14360565,-0.03444156,3.0067308,3.1158948
300403.SZ,20251017,0.71236545,0.41874734,1.9842775,3.1153903
000997.SZ,20251017,0.28754166,0.8755125,1.9251642,3.0882182
300443.SZ,20251017,0.18518427,0.4985809,2.4037447,3.0875099
603080.SS,20251017,0.7422994,0.60427034,1.7167811,3.063351
601179.SS,20251017,0.47732148,0.7962247,1.786185,3.0597312
603888.SS,20251017,0.16572182,0.6033995,2.2481992,3.0173206
300470.SZ,20251017,0.3449691,0.86987305,1.7990842,3.0139263
603766.SS,20251017,0.041760772,0.3850002,2.5411384,2.9678993
603501.SS,20251017,0.16402946,0.8335711,1.9668179,2.9644184
601919.SS,20251017,0.20581612,0.3536186,2.3945334,2.953968
600066.SS,20251017,0.24485981,0.8493563,1.8585975,2.9528136
002478.SZ,20251017,0.33829004,1.2771158,1.3198779,2.9352837
600507.SS,20251017,0.29297063,0.49249843,2.1339452,2.9194143
002412.SZ,20251017,0.23557869,0.98597217,1.6834671,2.9050179
600367.SS,20251017,0.43667904,0.8852804,1.4485426,2.770502
300724.SZ,20251017,0.007371066,0.63957775,2.0721583,2.7191072
002001.SZ,20251017,0.28452414,0.62266755,1.7976661,2.7048578
601377.SS,20251017,0.09767559,0.616647,1.9883206,2.7026432
600000.SS,20251017,0.19890514,1.01507,1.4624674,2.6764426
000932.SZ,20251017,0.29909799,0.607337,1.7387624,2.6451974
600055.SS,20251017,0.31617415,0.6108204,1.6892803,2.6162748
600276.SS,20251017,0.14191324,0.3161207,2.1410522,2.5990863
600668.SS,20251017,0.12097308,0.2909018,2.1686106,2.5804853
603676.SS,20251017,0.023613019,0.44449094,2.099437,2.567541
002233.SZ,20251017,0.28042996,0.6852691,1.6007793,2.5664783
600873.SS,20251017,0.29747608,0.5932827,1.6444585,2.5352173
600845.SS,20251017,0.28871152,0.663383,1.5651824,2.517277
002063.SZ,20251017,0.36093402,0.68827796,1.4660351,2.515247
000969.SZ,20251017,0.20491254,1.101563,1.2047901,2.5112658
002315.SZ,20251017,0.052695483,0.66273797,1.7846324,2.5000658
300722.SZ,20251017,-0.06245014,-0.10449067,2.6414645,2.4745235
000975.SZ,20251017,0.32328373,0.47826228,1.6657774,2.4673233
000795.SZ,20251017,0.2159962,0.7939757,1.443089,2.4530609
600216.SS,20251017,-0.016043844,0.30602208,2.12141,2.4113882
002749.SZ,20251017,0.37684363,0.8854126,1.1053743,2.3676305
002516.SZ,20251017,0.105272025,-0.43018973,2.6585052,2.3335874
300685.SZ,20251017,0.34547928,0.37559196,1.6028888,2.32396
600312.SS,20251017,0.211873,0.69368494,1.3952191,2.300777
000949.SZ,20251017,0.87338895,0.27919498,1.1381359,2.29072
000830.SZ,20251017,0.5321085,0.5109403,1.2386942,2.281743
601997.SS,20251017,-0.059772268,0.5317048,1.7907717,2.2627044
603938.SS,20251017,-0.13678473,0.23801294,2.136693,2.2379212
600050.SS,20251017,0.18077092,0.20984474,1.8451502,2.235766
601858.SS,20251017,0.23502885,0.4099529,1.5851843,2.230166
600900.SS,20251017,0.16123927,0.48864564,1.5788145,2.2286994
000729.SZ,20251017,0.27993944,0.65546393,1.2796701,2.2150736
300743.SZ,20251017,-0.14526758,0.46389624,1.8252614,2.14389
002484.SZ,20251017,0.37585008,0.16845307,1.584769,2.1290722
688080.SS,20251017,0.014303161,0.56453145,1.5314915,2.110326
300693.SZ,20251017,0.07630926,-0.01997742,2.025557,2.081889
603297.SS,20251017,0.21805915,1.0633647,0.7918105,2.0732346
600970.SS,20251017,0.01669374,0.695251,1.337085,2.0490298
002441.SZ,20251017,0.14237306,0.4471303,1.4432428,2.032746
600600.SS,20251017,0.25393805,0.042258084,1.7338157,2.030012
002588.SZ,20251017,0.10555275,0.6120504,1.3120955,2.0296986
600993.SS,20251017,-0.004283877,0.29836866,1.7308528,2.0249376
002996.SZ,20251017,0.12634543,0.34580424,1.5340455,2.006195
300354.SZ,20251017,0.14060146,-0.39743534,2.2593405,2.0025067
600710.SS,20251017,0.2320634,0.10183132,1.6643808,1.9982755
002836.SZ,20251017,0.2528382,0.32834682,1.4064889,1.9876739
600582.SS,20251017,0.18638259,0.85405326,0.9431424,1.9835782
601229.SS,20251017,0.117976665,0.9551251,0.892841,1.9659427
300285.SZ,20251017,0.13659513,0.5960877,1.2302096,1.9628924
600885.SS,20251017,-0.04086426,0.110043496,1.8912461,1.9604254
300457.SZ,20251017,0.25293612,0.75956154,0.8800111,1.8925087
603416.SS,20251017,0.1785987,-0.10227546,1.8133857,1.889709
002698.SZ,20251017,0.15058222,0.37994584,1.3578336,1.8883617
600196.SS,20251017,0.14059958,0.3929706,1.3539922,1.8875624
300496.SZ,20251017,-0.014051648,0.80753636,1.0827516,1.8762363
002281.SZ,20251017,0.04526943,1.2207127,0.6089556,1.8749378
003816.SZ,20251017,-0.020346941,0.41769972,1.4461098,1.8434626
300206.SZ,20251017,0.14836405,0.71179724,0.9721873,1.8323486
603283.SS,20251017,0.587371,1.4864501,-0.24363253,1.8301885
605111.SS,20251017,0.39581892,0.2482886,1.1842188,1.8283262
600742.SS,20251017,-0.08146006,0.11986709,1.789155,1.8275621
600812.SS,20251017,0.03502509,0.05699262,1.7285192,1.8205369
300174.SZ,20251017,0.40285432,0.6826265,0.7293037,1.8147845
000661.SZ,20251017,0.34508243,0.5679277,0.89141965,1.8044298
300627.SZ,20251017,-0.2417736,1.3580807,0.6868284,1.8031355
601860.SS,20251017,-0.008481385,0.50431883,1.3016,1.7974374
002461.SZ,20251017,0.22103879,0.7026335,0.867223,1.7908953
002817.SZ,20251017,0.091843754,0.0788044,1.6117203,1.7823684
603788.SS,20251017,0.3038213,0.1990324,1.2717427,1.7745965
603337.SS,20251017,0.02193707,-0.03383726,1.7834384,1.7715383
002826.SZ,20251017,0.14447874,0.52747095,1.0936584,1.7656081
600535.SS,20251017,0.1724951,0.35998318,1.228584,1.7610624
688300.SS,20251017,0.27311948,0.74645865,0.733994,1.7535721
000990.SZ,20251017,0.36375383,0.27675572,1.0819756,1.7224851
002296.SZ,20251017,0.15765278,0.30523333,1.2575557,1.7204418
688029.SS,20251017,-0.032434106,-0.3100694,2.0627773,1.7202737
300563.SZ,20251017,0.7606649,1.021837,-0.06431711,1.7181848
002318.SZ,20251017,0.20891309,0.4166048,1.0849122,1.71043
000739.SZ,20251017,0.12467843,0.3851535,1.1845218,1.6943537
600517.SS,20251017,0.17764646,0.33297774,1.1625763,1.6732005
002328.SZ,20251017,0.22729737,0.14168781,1.2871478,1.6561329
600057.SS,20251017,0.09072405,0.9341662,0.61412907,1.6390193
603020.SS,20251017,0.08659765,0.27139392,1.27657,1.6345615
601225.SS,20251017,-0.050065547,0.17196003,1.5066624,1.6285568
300138.SZ,20251017,0.129664,0.660643,0.8374437,1.6277506
002117.SZ,20251017,0.16564563,0.24662724,1.2132742,1.6255472
603288.SS,20251017,0.08987662,-0.05545385,1.5856452,1.620068
600020.SS,20251017,0.068077445,0.59416115,0.94364345,1.605882
002083.SZ,20251017,0.15511522,0.23742709,1.2117019,1.6042442
001202.SZ,20251017,-0.17354503,0.25362352,1.5186279,1.5987064
002399.SZ,20251017,0.13692477,0.5405313,0.91889596,1.596352
300039.SZ,20251017,-0.054776013,0.12201619,1.5249808,1.592221
600838.SS,20251017,0.13234374,1.0720055,0.3757534,1.5801027
605183.SS,20251017,0.22953713,0.65967476,0.6792842,1.5684961
603738.SS,20251017,0.15372872,0.45071188,0.95882416,1.5632647
688057.SS,20251017,0.052969605,0.06786427,1.4415767,1.5624106
600883.SS,20251017,0.03412512,0.22649965,1.2952287,1.5558535
600830.SS,20251017,0.2584985,0.2473251,1.0336108,1.5394344
603167.SS,20251017,-0.006471308,0.16879189,1.3497679,1.5120885
002093.SZ,20251017,0.058300525,-0.14769146,1.5705557,1.4811647
002107.SZ,20251017,0.022514967,-0.0062701404,1.435087,1.4513317
605168.SS,20251017,0.31393924,0.15148917,0.95028114,1.4157095
002540.SZ,20251017,0.17428076,0.27594408,0.96316767,1.4133925
600618.SS,20251017,0.17168656,0.41394565,0.8152199,1.4008521
688395.SS,20251017,-0.010950925,0.017016143,1.3896396,1.3957049
300019.SZ,20251017,-0.04291007,0.4150475,0.99391747,1.3660549
002614.SZ,20251017,0.42562515,1.0869828,-0.1682303,1.3443778
603909.SS,20251017,0.15180725,-0.08230281,1.2734437,1.3429482
601882.SS,20251017,0.120000154,0.43564412,0.7858286,1.3414729
002262.SZ,20251017,0.33731183,0.19803149,0.7677592,1.3031025
600757.SS,20251017,-0.06628731,0.23857,1.1218562,1.2941389
002576.SZ,20251017,0.2765291,0.034313053,0.98247993,1.2933221
002299.SZ,20251017,0.10765123,0.5263181,0.65757394,1.2915432
603871.SS,20251017,0.19878,0.5506289,0.53621256,1.2856214
600444.SS,20251017,0.10218465,-0.05251223,1.208816,1.2584884
600528.SS,20251017,0.024587153,0.4211168,0.80300045,1.2487044
600273.SS,20251017,-0.11587535,0.65097904,0.7089658,1.2440695
000400.SZ,20251017,0.13739598,0.79377985,0.29997844,1.2311542
301020.SZ,20251017,0.09208804,0.13572204,0.9769343,1.2047443
300394.SZ,20251017,0.060768515,0.36069688,0.78009486,1.2015603
002972.SZ,20251017,0.08623782,0.0029570162,1.107058,1.1962528
600027.SS,20251017,0.2169916,0.2631767,0.7131239,1.1932923
603444.SS,20251017,-0.53603286,0.26310715,1.4542501,1.1813244
002871.SZ,20251017,0.16012731,-0.019998103,1.0377489,1.1778781
000612.SZ,20251017,0.084341556,0.22677037,0.8350483,1.1461602
600079.SS,20251017,0.12002328,-0.0020968318,1.0021024,1.1200289
600182.SS,20251017,0.23359168,0.18175241,0.6973307,1.1126748
002293.SZ,20251017,0.054721862,0.007716149,1.0391377,1.1015757
600415.SS,20251017,-0.13234423,0.25898948,0.9746239,1.1012691
603700.SS,20251017,0.112544894,0.033911943,0.93720436,1.0836612
600059.SS,20251017,0.109133184,0.005793482,0.95606625,1.070993
002085.SZ,20251017,0.0018533301,0.77071524,0.29780006,1.0703686
603088.SS,20251017,-0.11031461,-0.31635737,1.4936302,1.0669582
002706.SZ,20251017,0.31951144,0.25959697,0.48049355,1.059602
002802.SZ,20251017,0.07973334,0.38328132,0.565294,1.0283086
600396.SS,20251017,0.064153016,0.42990515,0.52595377,1.0200119
002847.SZ,20251017,-0.060948253,0.78308594,0.29539627,1.017534
603228.SS,20251017,0.53604877,1.0557052,-0.5838629,1.007891
002543.SZ,20251017,0.07532114,0.24119517,0.67864335,0.9951596
603321.SS,20251017,-0.19000089,0.4410487,0.73810935,0.9891572
300395.SZ,20251017,0.076392025,-0.66143596,1.5734761,0.98843217
603589.SS,20251017,0.2715802,-0.078483686,0.7930424,0.98613894
600690.SS,20251017,0.15631202,0.35099766,0.47551858,0.98282826
300855.SZ,20251017,-0.13318393,-0.22698027,1.3399737,0.9798095
603993.SS,20251017,0.7824375,1.4444621,-1.2619635,0.96493614
002555.SZ,20251017,0.3034363,-0.12246904,0.773906,0.95487326
000651.SZ,20251017,0.036780328,0.36488602,0.5507506,0.95241696
000682.SZ,20251017,0.206785,0.3991035,0.34371233,0.9496008
300832.SZ,20251017,0.35573044,-0.027047873,0.61618125,0.9448638
600519.SS,20251017,0.14058176,0.0067409277,0.7802801,0.92760277
603811.SS,20251017,0.07154724,0.9169028,-0.062883615,0.92556643
601298.SS,20251017,0.24387652,0.054430753,0.61108184,0.90938914
000963.SZ,20251017,0.104725525,0.26768824,0.5357889,0.90820265
688596.SS,20251017,-0.07642999,0.43675503,0.5356114,0.8959364
002351.SZ,20251017,0.14769515,0.15068176,0.59012485,0.88850176
601799.SS,20251017,0.2687109,-0.275481,0.89461017,0.8878401
601991.SS,20251017,0.0069161337,0.105302274,0.76929426,0.88151264
002867.SZ,20251017,0.16115493,0.36129543,0.34017754,0.86262786
300181.SZ,20251017,0.07835555,0.25882593,0.52006173,0.8572432
000166.SZ,20251017,0.034997404,0.15333185,0.66278183,0.85111105
601928.SS,20251017,0.06901929,0.12400633,0.6486995,0.8417251
000738.SZ,20251017,-0.023067148,0.038599998,0.82023096,0.8357638
603041.SS,20251017,-0.028954031,0.0441477,0.81697106,0.8321647
000521.SZ,20251017,0.20335558,0.35834846,0.2649622,0.82666624
300705.SZ,20251017,-0.050592452,0.070097,0.79375744,0.813262
000338.SZ,20251017,0.2413328,0.3990229,0.17084467,0.8112004
600177.SS,20251017,0.13911363,0.033780992,0.630234,0.8031286
000951.SZ,20251017,0.17000067,0.599406,0.031154275,0.80056095
002597.SZ,20251017,0.22135082,0.1399669,0.43739915,0.7987169
600983.SS,20251017,0.13994235,0.13798892,0.48407257,0.76200384
000513.SZ,20251017,0.045255244,0.09615067,0.5992507,0.7406566
300502.SZ,20251017,0.30510643,0.8797171,-0.4453745,0.739449
300674.SZ,20251017,-0.0817143,0.017849535,0.7782161,0.71435136
002677.SZ,20251017,0.16204539,0.06566599,0.4768858,0.7045972
600060.SS,20251017,-0.17183939,0.29396334,0.5819067,0.70403063
600562.SS,20251017,0.15383467,0.254113,0.27826154,0.6862092
000683.SZ,20251017,0.11187801,0.064718455,0.5057125,0.682309
600682.SS,20251017,0.10770488,-0.0025426447,0.5759057,0.68106794
002349.SZ,20251017,-0.084106594,-0.31466794,1.0782756,0.67950106
000783.SZ,20251017,-0.037392586,0.08648142,0.62878585,0.6778747
300487.SZ,20251017,0.2754725,0.597469,-0.19813028,0.67481124
002332.SZ,20251017,-0.052130103,0.49594215,0.21835011,0.6621622
600760.SS,20251017,-0.18001032,0.44800082,0.39166594,0.6596564
000498.SZ,20251017,0.055340648,0.095002025,0.5012207,0.6515634
601098.SS,20251017,0.029014735,0.023730487,0.5983324,0.6510776
600398.SS,20251017,0.08612844,0.16250488,0.39666474,0.64529806
002266.SZ,20251017,0.20997965,0.29226658,0.13375533,0.6360016
688009.SS,20251017,0.05001062,0.49191388,0.07453495,0.6164594
605305.SS,20251017,0.3505677,-0.32232723,0.56277275,0.5910132
600938.SS,20251017,-0.10090777,-0.029978395,0.69768167,0.56679547
600219.SS,20251017,0.18467543,0.10020742,0.27271652,0.55759937
603855.SS,20251017,0.0526419,-0.02933073,0.52974784,0.553059
002556.SZ,20251017,0.21649817,0.5845008,-0.2632668,0.5377321
603218.SS,20251017,0.25446972,0.29443184,-0.012952268,0.5359493
600862.SS,20251017,0.1948362,-0.1328229,0.45193243,0.5139457
600329.SS,20251017,0.007590292,-0.28944468,0.787271,0.50541663
000538.SZ,20251017,0.08512518,0.032109678,0.3813591,0.49859396
002601.SZ,20251017,0.25964898,0.39376935,-0.16050446,0.49291384
300548.SZ,20251017,0.65092725,1.099849,-1.2605798,0.49019647
600285.SS,20251017,-0.040712625,-0.07532677,0.60351634,0.48747694
300590.SZ,20251017,0.21464527,0.23296985,0.033679128,0.48129424
300009.SZ,20251017,-0.040039927,-0.17615458,0.69268775,0.47649324
603298.SS,20251017,0.054929644,0.2504072,0.17043626,0.4757731
601000.SS,20251017,0.17179398,0.2131246,0.08860946,0.47352803
000810.SZ,20251017,0.15319216,0.22884402,0.08882439,0.47086057
600750.SS,20251017,-0.018088194,-0.05830443,0.5255127,0.44912007
000876.SZ,20251017,0.18338418,0.058391064,0.19287652,0.43465176
002393.SZ,20251017,-0.06326127,-0.05684915,0.5304469,0.41033646
002507.SZ,20251017,0.29724753,-0.22759303,0.33605945,0.40571395
300634.SZ,20251017,-0.12125829,-0.021362245,0.546731,0.40411046
600085.SS,20251017,0.053168952,-0.0051391423,0.3550855,0.4031153
000999.SZ,20251017,0.025773434,0.05693829,0.2917788,0.37449053
600379.SS,20251017,0.06686351,0.4812505,-0.17389536,0.37421864
002777.SZ,20251017,0.2555713,-0.024253577,0.13797557,0.3692933
002879.SZ,20251017,0.11494237,-0.77811766,1.0226634,0.35948807
002014.SZ,20251017,0.10033673,0.19896704,0.059812546,0.35911632
001965.SZ,20251017,0.056478143,0.24424693,0.049740613,0.3504657
000858.SZ,20251017,0.2229273,-0.26837912,0.39208126,0.34662944
002422.SZ,20251017,-0.018362733,0.087536275,0.26586837,0.3350419
000811.SZ,20251017,0.1486513,-0.24283955,0.4229225,0.32873425
002518.SZ,20251017,0.15852812,0.7853129,-0.63826156,0.30557942
000650.SZ,20251017,-0.014602752,0.5780355,-0.2589385,0.3044942
000409.SZ,20251017,0.09875406,-0.108376205,0.28152585,0.2719037
300413.SZ,20251017,-0.0016037244,0.40626016,-0.14388084,0.2607756
000862.SZ,20251017,0.09412545,0.14129129,0.021157146,0.2565739
000798.SZ,20251017,0.11110842,0.04122606,0.1017493,0.25408378
603960.SS,20251017,0.1966868,0.08703396,-0.040499747,0.24322101
000779.SZ,20251017,0.030281274,-0.20537883,0.40523553,0.23013797
002592.SZ,20251017,-0.14242204,-0.2333433,0.6014395,0.22567415
002322.SZ,20251017,0.086600795,0.07687792,0.034407616,0.19788633
603656.SS,20251017,0.062471896,-0.002824843,0.13590038,0.19554743
603100.SS,20251017,0.16573906,0.3891808,-0.36808115,0.18683869
000725.SZ,20251017,0.24708834,0.18082237,-0.2460717,0.18183902
603129.SS,20251017,-0.00057193823,0.23844716,-0.056961358,0.18091387
600380.SS,20251017,0.09035674,0.3690506,-0.29760116,0.16180617
603039.SS,20251017,-0.47792318,-0.76132935,1.3951471,0.15589452
300642.SZ,20251017,-0.089986235,1.1754341,-0.9329188,0.15252912
603508.SS,20251017,0.19792289,0.17060304,-0.22239405,0.14613187
688550.SS,20251017,0.18390888,-0.39577478,0.35706615,0.14520025
300012.SZ,20251017,0.068119526,-0.1321999,0.19808674,0.13400637
600511.SS,20251017,0.17147323,-0.09402779,0.048258066,0.12570351
300760.SZ,20251017,0.08557147,-0.12139523,0.14761972,0.11179596
002641.SZ,20251017,0.23663214,-0.059433162,-0.076854944,0.10034403
300610.SZ,20251017,0.030300988,0.11713877,-0.053202808,0.094236955
601006.SS,20251017,-0.01486242,0.15996394,-0.05328387,0.09181765
002003.SZ,20251017,0.08497685,0.03365317,-0.02861023,0.09001979
603868.SS,20251017,-0.037230536,0.066982,0.041573644,0.07132511
002595.SZ,20251017,0.25589377,0.05366093,-0.23898613,0.07056856
002032.SZ,20251017,0.034166098,0.11554471,-0.07982504,0.06988576
603920.SS,20251017,0.056500167,1.4110956,-1.4000237,0.06757212
300576.SZ,20251017,0.25029743,0.8724185,-1.0682615,0.054454446
002651.SZ,20251017,-0.20055762,-0.42599112,0.67358506,0.04703629
601068.SS,20251017,0.1152997,0.19707239,-0.27236056,0.040011525
603816.SS,20251017,0.060831875,-0.067965835,0.042530954,0.035396993
603279.SS,20251017,0.23293021,0.25485608,-0.46710968,0.020676613
002756.SZ,20251017,0.17524078,0.5867604,-0.76125973,0.0007414222
300653.SZ,20251017,0.003589509,0.047131598,-0.05159712,-0.00087600946
002908.SZ,20251017,0.11188987,0.17067736,-0.28756654,-0.00499931
600598.SS,20251017,0.10640812,-0.07967068,-0.04240215,-0.015664712
002946.SZ,20251017,0.15096821,-0.20259245,0.015360713,-0.036263525
300171.SZ,20251017,0.05418536,-0.16839284,0.062830865,-0.05137661
002790.SZ,20251017,-0.29657516,-0.67913127,0.90545607,-0.07025039
300015.SZ,20251017,-0.098569095,-0.013055921,0.040060997,-0.07156402
600062.SS,20251017,0.10925722,-0.07246183,-0.122418165,-0.08562277
000568.SZ,20251017,-0.05091375,-0.20568605,0.1547674,-0.10183239
603658.SS,20251017,-0.040694356,-0.01936838,-0.050024748,-0.110087484
601811.SS,20251017,0.020760832,-0.048279822,-0.08835071,-0.1158697
002705.SZ,20251017,-0.007988663,-0.13066521,0.016346693,-0.12230718
600572.SS,20251017,-0.106240004,-0.08941433,0.06643087,-0.12922347
601019.SS,20251017,0.10722816,-0.014091402,-0.22566575,-0.13252899
002088.SZ,20251017,0.2188519,-0.2317716,-0.12289405,-0.13581376
600551.SS,20251017,0.10725896,-0.11155164,-0.14133728,-0.14562996
603639.SS,20251017,-0.16229689,-0.18746899,0.19662416,-0.15314174
600720.SS,20251017,0.0027526896,0.02654472,-0.20722893,-0.17793152
002821.SZ,20251017,-0.0075357277,-0.20248154,0.024398029,-0.18561924
002191.SZ,20251017,0.31527358,0.315461,-0.8167982,-0.18606365
300628.SZ,20251017,0.1709392,0.06944299,-0.43733513,-0.19695294
603899.SS,20251017,0.03311351,-0.13224727,-0.10040933,-0.19954309
603859.SS,20251017,-0.05076307,-0.4255602,0.27203548,-0.2042878
002763.SZ,20251017,0.16410506,0.11502004,-0.48954567,-0.21042058
603338.SS,20251017,-0.12228054,0.5253985,-0.61625326,-0.2131353
603096.SS,20251017,-0.006753238,-0.20022523,-0.009229839,-0.21620831
000895.SZ,20251017,0.10752013,-0.070044234,-0.26331863,-0.22584273
600499.SS,20251017,-0.006716313,-0.011090159,-0.21077535,-0.22858182
002271.SZ,20251017,0.19661841,0.32360813,-0.7689985,-0.24877197
000715.SZ,20251017,0.085814685,0.07062635,-0.40870714,-0.2522661
603266.SS,20251017,-0.10731611,0.40044466,-0.5639211,-0.27079254
002372.SZ,20251017,-0.11734676,-0.16687384,0.0033162832,-0.28090432
600479.SS,20251017,0.14470744,-0.12864126,-0.2987781,-0.28271192
600867.SS,20251017,0.04946944,-0.123040766,-0.21026367,-0.283835
688127.SS,20251017,0.14365241,-0.1606246,-0.26905748,-0.28602967
002486.SZ,20251017,0.060503364,-0.25335714,-0.100316525,-0.2931703
603697.SS,20251017,0.013829796,-0.1534851,-0.16049385,-0.30014914
600420.SS,20251017,-0.0022581238,0.15810388,-0.45667022,-0.30082446
600132.SS,20251017,0.131327,-0.36066088,-0.08817947,-0.31751335
002841.SZ,20251017,-0.21774429,-0.70283866,0.5629407,-0.35764223
002818.SZ,20251017,0.032981604,-0.0017928779,-0.41359892,-0.3824102
000988.SZ,20251017,-0.38069093,0.69915724,-0.7519958,-0.4335295
002352.SZ,20251017,0.089925796,0.16728202,-0.70956206,-0.45235425
300357.SZ,20251017,-0.18441013,-0.33865154,0.034973323,-0.4880883
600523.SS,20251017,-0.3066964,-0.6471268,0.45118213,-0.5026411
603515.SS,20251017,-0.21079387,-0.50928414,0.1641581,-0.5559199
002410.SZ,20251017,-0.04385498,-0.10016331,-0.44483346,-0.58885175
000719.SZ,20251017,-0.13400911,-0.22415571,-0.26660323,-0.624768
603456.SS,20251017,0.06413606,-0.14538386,-0.5477354,-0.6289832
600566.SS,20251017,-0.01066363,-0.52418715,-0.11402464,-0.6488754
600406.SS,20251017,0.20642138,0.05411625,-0.92887104,-0.6683334
002035.SZ,20251017,0.016240938,-0.20995198,-0.48798057,-0.68169165
600754.SS,20251017,0.028780697,-0.24880512,-0.4709412,-0.6909656
601600.SS,20251017,0.17357904,-0.037486374,-0.84043646,-0.7043438
603006.SS,20251017,-0.39788046,-0.32863307,0.012559533,-0.713954
600872.SS,20251017,0.04241407,-0.5704144,-0.20111594,-0.7291163
002831.SZ,20251017,-0.088315934,-0.19124484,-0.45418775,-0.73374856
002938.SZ,20251017,0.1991227,-0.30341902,-0.6441318,-0.7484281
603696.SS,20251017,-0.18439063,-0.05070573,-0.5898273,-0.82492363
000837.SZ,20251017,-0.44031954,-0.1927801,-0.19798744,-0.8310871
603192.SS,20251017,0.013760505,-0.26469794,-0.5809803,-0.83191776
000423.SZ,20251017,-0.13285029,-0.40988496,-0.3051051,-0.8478403
600809.SS,20251017,-0.0941757,-0.34873447,-0.41192353,-0.8548337
301158.SZ,20251017,0.145029,-0.06852487,-0.95406055,-0.87755644
002216.SZ,20251017,-0.027132364,-0.25271735,-0.6224802,-0.9023299
600851.SS,20251017,-0.16505766,-0.07913017,-0.6655674,-0.90975523
002508.SZ,20251017,-0.034962833,0.0065083504,-0.92564416,-0.95409864
601965.SS,20251017,-0.123708695,-0.30329627,-0.53485096,-0.9618559
002154.SZ,20251017,-0.25506085,0.039346248,-0.7905226,-1.0062371
002612.SZ,20251017,-0.124575526,-0.2111892,-0.70774645,-1.0435112
002901.SZ,20251017,0.10510388,-0.7157922,-0.4383125,-1.0490009
002880.SZ,20251017,-0.119029075,-0.15052424,-0.81101704,-1.0805703
300726.SZ,20251017,-0.056693077,-0.36141858,-0.6945929,-1.1127045
605377.SS,20251017,-0.052823782,-0.3648409,-0.70463395,-1.1222986
603199.SS,20251017,0.11850268,-0.14501527,-1.1158122,-1.1423248
603365.SS,20251017,-0.16624995,-0.6184113,-0.38764888,-1.1723101
603596.SS,20251017,-0.052121133,-0.65685314,-0.4765585,-1.1855328
300898.SZ,20251017,-0.19011077,-0.7240275,-0.2869562,-1.2010945
600183.SS,20251017,0.26486596,-0.5340537,-1.006098,-1.2752857
603345.SS,20251017,-0.024968954,-0.3692145,-0.9038706,-1.298054
300073.SZ,20251017,0.15130928,-0.19502655,-1.2551187,-1.298836
002270.SZ,20251017,-0.16609547,-0.26323158,-0.89726037,-1.3265874
002007.SZ,20251017,-0.09035432,-0.63843036,-0.6180124,-1.3467971
600529.SS,20251017,0.13740766,-0.48988616,-1.0846125,-1.437091
300446.SZ,20251017,-0.3503115,-0.8803774,-0.20962676,-1.4403157
600188.SS,20251017,-0.29290524,-0.14669219,-1.0316645,-1.471262
002832.SZ,20251017,-0.049327135,-0.59155154,-0.86740357,-1.5082822
603187.SS,20251017,-0.08654678,-0.33957934,-1.2390406,-1.6651667
002255.SZ,20251017,-0.1948413,-0.08436845,-1.4041533,-1.6833631
002469.SZ,20251017,-0.049906164,-0.03558892,-1.6630847,-1.7485799
603369.SS,20251017,-0.04798737,-0.5984024,-1.2384733,-1.884863
300980.SZ,20251017,-0.17940083,-0.9065623,-1.0527371,-2.1387002
601898.SS,20251017,-0.25611195,-0.64713454,-1.2640256,-2.167272
600268.SS,20251017,0.16169229,1.0593429,-3.684138,-2.4631028
600171.SS,20251017,-0.120516926,-0.099613026,-2.3148775,-2.5350075
300768.SZ,20251017,-0.21417913,-0.84150255,-2.017057,-3.0727386
300695.SZ,20251017,0.23156692,0.253301,-3.7223446,-3.2374768
600967.SS,20251017,0.21158898,1.2333952,-4.933728,-3.488744
300389.SZ,20251017,-0.3416236,-0.8651464,-2.3571696,-3.5639396
603367.SS,20251017,0.22550797,-0.788018,-4.534225,-5.096735
603040.SS,20251017,0.4198254,-0.6408478,-6.2207317,-6.4417543
002017.SZ,20251017,-0.35355183,-1.1369033,-5.0568132,-6.5472684
002940.SZ,20251017,-0.47469807,-0.34510747,-8.244655,-9.06446
300684.SZ,20251017,0.11397454,-1.5701506,-9.787208,-11.243383
