scope,group,field,h,factor,ic,icir,t,n_dates,n_obs
common,A,ebit,1,ma3,-0.018251694448931745,-0.15458221628868324,-1.2933276118178594,70,47592
common,A,ebit,1,ma7,-0.05822138360294308,-0.45865718634328045,-3.8374013369601347,70,47592
common,A,ebit,1,ma31,-0.08375648772428465,-0.6010944030978554,-5.02911659245336,70,47592
common,A,ebit,1,rsi3,0.028428604480622875,0.2507776837885343,2.098156635726691,70,47592
common,A,ebit,1,rsi31,0.09096006427986529,0.6818708059437528,5.704940465937117,70,47592
common,A,ebit,1,atr3,-0.011388748268946786,-0.09189872532844803,-0.7688798997174705,70,47592
common,A,ebit,1,atr7,-0.02261559325765519,-0.1662169455358152,-1.3906707406240815,70,47592
common,A,ebit,1,obv3,0.03958772603631607,0.31908147977351814,2.6696271933384375,70,47592
common,A,ebit,1,obv7,0.06438410157028689,0.5840563934539902,4.88656637644612,70,47592
common,A,ebit,1,obv31,0.036472701155195186,0.3057911607318451,2.558432406517913,70,47592
common,A,ebit,1,corr3,-0.02303630716381217,-0.27325246129127767,-2.286194115144618,70,47592
common,A,ebit,1,corr7,-0.07187221326155942,-0.7719480341467795,-6.45858062732172,70,47592
common,A,ebit,1,corr31,-0.13750247135571222,-1.4580314007724475,-12.198765904577913,70,47592
common,A,ebit,1,curvature,-0.01608655361796442,-0.12705201123116103,-1.0629933908787084,70,47592
common,A,ebit,1,vma_3_7,0.023363261064815743,0.23609957747437912,1.9753507875439806,70,47592
common,A,ebit,1,factor,0.030912064519899658,0.2619651568922641,2.191757751164849,70,47592
common,A,ebit,1,overnight3,-0.0010852693955724407,-0.009274985396300383,-0.07760009527771841,70,47592
common,A,ebit,1,overnight7,-0.05341337590220059,-0.41567380789071084,-3.477776591393624,70,47592
common,A,ebit,1,overnight31,-0.08186924729354265,-0.5870452300535155,-4.9115727775327676,70,47592
common,A,ebit,1,alpha15_wq,-0.007489696649582281,-0.08193661365906292,-0.6806166302670711,69,47592
common,A,ebit,1,alpha128_gtja,-0.04018604993331863,-0.3480166084334686,-2.9117158484624484,70,47592
common,A,ebit,1,alpha101_gtja,0.09926063758759529,0.8240068111883602,6.894135605131124,70,47592
common,A,ebit,1,aplha22_3_7,0.010786660020762139,0.11772769345793825,0.9849805513231414,70,47592
common,A,ebit,1,aplha22_7_31,0.00434351838883542,0.04723239620196421,0.3951745785960335,70,47592
common,A,ebit,3,ma3,-0.02461718473913949,-0.194723852780939,-1.6057340256860695,68,43503
common,A,ebit,3,ma7,-0.0677763465788093,-0.5096968300442785,-4.203067734630107,68,43503
common,A,ebit,3,ma31,-0.09775269761512906,-0.6449928362553425,-5.318747183294986,68,43503
common,A,ebit,3,rsi3,0.031277600853116046,0.24348579984394964,2.0078353421892086,68,43503
common,A,ebit,3,rsi31,0.10052979281604957,0.7031670259213556,5.798463840650361,68,43503
common,A,ebit,3,atr3,-0.015312223020066743,-0.1108086149703215,-0.9137512475020677,68,43503
common,A,ebit,3,atr7,-0.023783405560361293,-0.16975607720277658,-1.3998444737951081,68,43503
common,A,ebit,3,obv3,0.04348572555693818,0.327570000260176,2.7012114217126206,68,43503
common,A,ebit,3,obv7,0.08341540349976251,0.676213373389275,5.576198327878431,68,43503
common,A,ebit,3,obv31,0.03148990135838057,0.25684778140592873,2.1180210648844,68,43503
common,A,ebit,3,corr3,-0.023768309780096447,-0.27649129906529357,-2.2800056612208937,68,43503
common,A,ebit,3,corr7,-0.07695305768236971,-0.7556729122994196,-6.231438471657236,68,43503
common,A,ebit,3,corr31,-0.15914286636690952,-1.6180166617962135,-13.34250720119015,68,43503
common,A,ebit,3,curvature,-0.008362894117446704,-0.062486367585416744,-0.5152757874316896,68,43503
common,A,ebit,3,vma_3_7,0.02499573401527503,0.21093190458075373,1.7393890447983065,68,43503
common,A,ebit,3,factor,0.03511973531742128,0.2966678833393707,2.4463860374732866,68,43503
common,A,ebit,3,overnight3,-0.006902889863229555,-0.05607527991915798,-0.4624086041855306,68,43503
common,A,ebit,3,overnight7,-0.062292684954969896,-0.4601854849903332,-3.7947867239824684,68,43503
common,A,ebit,3,overnight31,-0.09568192862647809,-0.6276810247934603,-5.175990328838749,68,43503
common,A,ebit,3,alpha15_wq,-0.00936667338005496,-0.11383011644003439,-0.9317396591249993,67,43503
common,A,ebit,3,alpha128_gtja,-0.046640136855281324,-0.3892728881245975,-3.210026469853924,68,43503
common,A,ebit,3,alpha101_gtja,0.11578694827667771,0.870487278160488,7.1782219872242266,68,43503
common,A,ebit,3,aplha22_3_7,0.00924177440912067,0.09813056747445839,0.8092053895979856,68,43503
common,A,ebit,3,aplha22_7_31,0.0009699971762385883,0.009940788161178314,0.0819738391808555,68,43503
common,A,ebit,7,ma3,-0.018887449134199576,-0.14107329185152212,-1.1373692403079168,65,37810
common,A,ebit,7,ma7,-0.06231229077943424,-0.44498445817950927,-3.587579395830181,65,37810
common,A,ebit,7,ma31,-0.10151514672273837,-0.6679184584103448,-5.384930766550424,65,37810
common,A,ebit,7,rsi3,0.025404653165131217,0.20117731633603414,1.6219433774120995,65,37810
common,A,ebit,7,rsi31,0.10383514043160394,0.7311774412089023,5.894940990767578,65,37810
common,A,ebit,7,atr3,-0.007691083694916339,-0.058166766879034715,-0.468955466963973,65,37810
common,A,ebit,7,atr7,-0.017491690872015308,-0.12948065762729516,-1.0439064352104521,65,37810
common,A,ebit,7,obv3,0.03448114932831645,0.25804827380147255,2.0804516948909875,65,37810
common,A,ebit,7,obv7,0.0813857477604292,0.6735643523283594,5.43044941853701,65,37810
common,A,ebit,7,obv31,0.034784947738134495,0.2761838721876038,2.226665563499605,65,37810
common,A,ebit,7,corr3,-0.03503607219413424,-0.3907658012821601,-3.1504546091571863,65,37810
common,A,ebit,7,corr7,-0.08298922482589673,-0.7657844821022387,-6.1739518743555655,65,37810
common,A,ebit,7,corr31,-0.16427107534296992,-1.650810980910795,-13.309263621824385,65,37810
common,A,ebit,7,curvature,-0.01943656539061523,-0.1463930638261563,-1.1802586131295925,65,37810
common,A,ebit,7,vma_3_7,0.022075120195968405,0.17982896794717015,1.449827490200604,65,37810
common,A,ebit,7,factor,0.029930296652749915,0.24996365211368934,2.015271391046595,65,37810
common,A,ebit,7,overnight3,-0.00031517563015072306,-0.002515426998111808,-0.020280020805806282,65,37810
common,A,ebit,7,overnight7,-0.05602891024458361,-0.3937947184051473,-3.174874519700944,65,37810
common,A,ebit,7,overnight31,-0.09943073904519062,-0.6523638139865412,-5.2595252140225845,65,37810
common,A,ebit,7,alpha15_wq,0.001189445896585463,0.014521522304728491,0.11617217843782793,64,37810
common,A,ebit,7,alpha128_gtja,-0.04019061733037588,-0.3185511987705818,-2.568241870517914,65,37810
common,A,ebit,7,alpha101_gtja,0.1193651855653359,0.8999125803446063,7.255327173674643,65,37810
common,A,ebit,7,aplha22_3_7,0.009515531369663911,0.09153613224478799,0.7379878914398227,65,37810
common,A,ebit,7,aplha22_7_31,-0.002609117785610665,-0.02578347798015827,-0.207873045123616,65,37810
common,A,revenue,1,ma3,-0.005885374869888395,-0.07808990530491985,-0.653347022444577,70,57792
common,A,revenue,1,ma7,-0.018517364246998992,-0.24067014084126434,-2.0135908642221194,70,57792
common,A,revenue,1,ma31,-0.01447472966306886,-0.15533989190948552,-1.2996667808679059,70,57792
common,A,revenue,1,rsi3,0.012806581186389604,0.1742772071449821,1.458107727542053,70,57792
common,A,revenue,1,rsi31,0.015520744809741006,0.17348785704753147,1.4515035508072758,70,57792
common,A,revenue,1,atr3,0.05706013627259662,0.6286627368289575,5.259769820763,70,57792
common,A,revenue,1,atr7,0.055620496019118254,0.544766027010957,4.557839586138502,70,57792
common,A,revenue,1,obv3,0.013763712312278874,0.18473261857604525,1.5455839755954326,70,57792
common,A,revenue,1,obv7,0.030740812975250168,0.37046981771402393,3.099572875186894,70,57792
common,A,revenue,1,obv31,0.004425649493168414,0.05898877989487831,0.49353554152061635,70,57792
common,A,revenue,1,corr3,-0.012798267464660852,-0.19590873906775874,-1.6390901082668834,70,57792
common,A,revenue,1,corr7,-0.012630592922113243,-0.18656813770204042,-1.560941030402022,70,57792
common,A,revenue,1,corr31,-0.02399725387160177,-0.3414547422685783,-2.8568153372661462,70,57792
common,A,revenue,1,curvature,-0.007387478633430365,-0.09433569238941679,-0.7892690289763984,70,57792
common,A,revenue,1,vma_3_7,0.012448232511106598,0.18775210932651784,1.5708468477095308,70,57792
common,A,revenue,1,factor,0.008421017520607737,0.1521406959892107,1.2729003874324576,70,57792
common,A,revenue,1,overnight3,0.0001141771387211059,0.001736181500988614,0.014525936606851048,70,57792
common,A,revenue,1,overnight7,-0.01685243748111385,-0.21876827784319278,-1.830346731450997,70,57792
common,A,revenue,1,overnight31,-0.014400427433988661,-0.1547928084428096,-1.2950895521904515,70,57792
common,A,revenue,1,alpha15_wq,0.007033276645175827,0.08232251782187937,0.6838221909947215,69,57792
common,A,revenue,1,alpha128_gtja,-0.017937946478779436,-0.23838564250910627,-1.994477379870115,70,57792
common,A,revenue,1,alpha101_gtja,0.024041583545800087,0.2732225693811828,2.285944021481687,70,57792
common,A,revenue,1,aplha22_3_7,-0.0003049635618246452,-0.005290749367041919,-0.04426558505814436,70,57792
common,A,revenue,1,aplha22_7_31,-0.0008078840098184189,-0.013220405614523797,-0.11060984912238722,70,57792
common,A,revenue,3,ma3,-0.007882751055525454,-0.10032633490734096,-0.8273121517081179,68,52735
common,A,revenue,3,ma7,-0.022088241594286313,-0.29490104040608484,-2.4318162773976586,68,52735
common,A,revenue,3,ma31,-0.021571176663391943,-0.23601681896431295,-1.9462445480242874,68,52735
common,A,revenue,3,rsi3,0.016301343390208906,0.21654042761334383,1.7856381105324637,68,52735
common,A,revenue,3,rsi31,0.0239309269434618,0.268220133974263,2.211799886586413,68,52735
common,A,revenue,3,atr3,0.06664187582717478,0.7065075755952578,5.826010718956605,68,52735
common,A,revenue,3,atr7,0.06721640850200507,0.6697109689061862,5.522578126869901,68,52735
common,A,revenue,3,obv3,0.01754625619186248,0.23848665599157878,1.9666113459072445,68,52735
common,A,revenue,3,obv7,0.033659197011568484,0.3974215333924003,3.277221920143605,68,52735
common,A,revenue,3,obv31,0.011426293351945602,0.1506724715458261,1.2424770301126251,68,52735
common,A,revenue,3,corr3,-0.01308624141283767,-0.1938233481726716,-1.5983082744535855,68,52735
common,A,revenue,3,corr7,-0.013710781581115258,-0.19162086879778914,-1.5801461642518164,68,52735
common,A,revenue,3,corr31,-0.026824177628381345,-0.3967601008179125,-3.271767607405931,68,52735
common,A,revenue,3,curvature,-0.0028347257195928165,-0.03447448658387699,-0.28428389914852753,68,52735
common,A,revenue,3,vma_3_7,0.01288563631315364,0.1867757756357981,1.5401925025061223,68,52735
common,A,revenue,3,factor,0.01105181070210638,0.20012102512555982,1.650240248999138,68,52735
common,A,revenue,3,overnight3,-0.0002568964495151952,-0.004047870192734187,-0.03337959272686474,68,52735
common,A,revenue,3,overnight7,-0.019739964711398376,-0.2624503087720383,-2.164220689086166,68,52735
common,A,revenue,3,overnight31,-0.021454674180942837,-0.23458566104211204,-1.9344429174639397,68,52735
common,A,revenue,3,alpha15_wq,0.006198937329071823,0.07138615951278938,0.5843208986413395,67,52735
common,A,revenue,3,alpha128_gtja,-0.019570536468312007,-0.2604395332535405,-2.1476394093818216,68,52735
common,A,revenue,3,alpha101_gtja,0.030822220171193033,0.34678442392379605,2.859657618313566,68,52735
common,A,revenue,3,aplha22_3_7,0.0018566290758187044,0.02984385328510654,0.24609871873986175,68,52735
common,A,revenue,3,aplha22_7_31,-0.0018170750826869914,-0.028251130354143304,-0.23296478898645223,68,52735
common,A,revenue,7,ma3,-0.007097070613009833,-0.09265284359751606,-0.7469911061959674,65,45248
common,A,revenue,7,ma7,-0.01968839709234342,-0.25414226929577854,-2.0489604798000673,65,45248
common,A,revenue,7,ma31,-0.025480035280266038,-0.2687669426229198,-2.1668683656481464,65,45248
common,A,revenue,7,rsi3,0.014371465512490801,0.19013752333116696,1.532937720718997,65,45248
common,A,revenue,7,rsi31,0.027220114301784316,0.2970543478422075,2.39492871755661,65,45248
common,A,revenue,7,atr3,0.08037569756673255,0.8363179607543006,6.742610959132603,65,45248
common,A,revenue,7,atr7,0.08278192325172178,0.8500962088679094,6.853694746744525,65,45248
common,A,revenue,7,obv3,0.014039916869587821,0.1823113308658229,1.4698409398756012,65,45248
common,A,revenue,7,obv7,0.033436635258332466,0.38239503132995634,3.082967304250807,65,45248
common,A,revenue,7,obv31,0.014400172560026774,0.18963952541661105,1.528922733173732,65,45248
common,A,revenue,7,corr3,-0.020665246178178005,-0.2786912754478973,-2.2468808948630152,65,45248
common,A,revenue,7,corr7,-0.01921373121013655,-0.26388951165355296,-2.127545260023578,65,45248
common,A,revenue,7,corr31,-0.03282136008782247,-0.48475921778958747,-3.9082537596832454,65,45248
common,A,revenue,7,curvature,-0.007209478766941554,-0.08538057508194309,-0.6883602030085817,65,45248
common,A,revenue,7,vma_3_7,0.013063541232862417,0.17707575477509954,1.42763037597136,65,45248
common,A,revenue,7,factor,0.012946173336188437,0.22356025957018408,1.8024004349313516,65,45248
common,A,revenue,7,overnight3,0.002063090414407199,0.034592710022553534,0.27889534441397706,65,45248
common,A,revenue,7,overnight7,-0.01677125511902806,-0.21420810858699793,-1.727000983203901,65,45248
common,A,revenue,7,overnight31,-0.025429009040482675,-0.26907793382879025,-2.1693756569073286,65,45248
common,A,revenue,7,alpha15_wq,0.013643467183293668,0.15662797671010126,1.25302381368081,64,45248
common,A,revenue,7,alpha128_gtja,-0.01452445368229144,-0.17823914494018522,-1.4370099273441166,65,45248
common,A,revenue,7,alpha101_gtja,0.036419752085335946,0.3984133872884937,3.212111418692529,65,45248
common,A,revenue,7,aplha22_3_7,0.00672185168380567,0.10627842308691823,0.8568440400094579,65,45248
common,A,revenue,7,aplha22_7_31,-0.001021694330710699,-0.015466965741802305,-0.12469866439451383,65,45248
common,A,ocf,1,ma3,-0.009359073765910325,-0.09872732648354286,-0.8200907660903007,69,40545
common,A,ocf,1,ma7,-0.0354133561885231,-0.33156475958332815,-2.754183744057568,69,40545
common,A,ocf,1,ma31,-0.04068370779420759,-0.38637108243060375,-3.2094392532595397,69,40545
common,A,ocf,1,rsi3,0.011910943008608501,0.1347041185599738,1.118936445663624,69,40545
common,A,ocf,1,rsi31,0.033518564978588024,0.32393346672789974,2.69079346471975,69,40545
common,A,ocf,1,atr3,-0.025150756099999245,-0.21456370889371149,-1.782300024412711,69,40545
common,A,ocf,1,atr7,-0.0339248592227192,-0.2857739080916058,-2.3738163643530896,69,40545
common,A,ocf,1,obv3,0.019421244707462978,0.20535878389338288,1.7058381747486102,69,40545
common,A,ocf,1,obv7,0.04134499533304192,0.4079408084326312,3.3886108539845847,69,40545
common,A,ocf,1,obv31,0.01589470315473784,0.14566605597988824,1.2099931366196999,69,40545
common,A,ocf,1,corr3,0.00503678327100666,0.06049970619856151,0.5025483032085036,69,40545
common,A,ocf,1,corr7,-0.043808525485361606,-0.5414429901330943,-4.497563262249277,69,40545
common,A,ocf,1,corr31,-0.06250491721509023,-0.666127206171832,-5.533268146525888,69,40545
common,A,ocf,1,curvature,0.0005346216747016775,0.005255187678489288,0.04365286737425216,69,40545
common,A,ocf,1,vma_3_7,0.01440733878761992,0.15911940456391419,1.3217450430039248,69,40545
common,A,ocf,1,factor,0.021415384122581108,0.24174678425310303,2.0080996068605335,69,40545
common,A,ocf,1,overnight3,0.00025578800372404593,0.0025651207179609656,0.021307492967080104,69,40545
common,A,ocf,1,overnight7,-0.03451820939509357,-0.31857920060160144,-2.646317589946627,69,40545
common,A,ocf,1,overnight31,-0.04064264066917313,-0.3851351798957775,-3.199173075771511,69,40545
common,A,ocf,1,alpha15_wq,-0.0009268854274193395,-0.008398452059379903,-0.06925540986501902,68,40545
common,A,ocf,1,alpha128_gtja,-0.026179887022951855,-0.23266499820587302,-1.932660626162696,69,40545
common,A,ocf,1,alpha101_gtja,0.04968634561590264,0.4851994340575285,4.030369197216611,69,40545
common,A,ocf,1,aplha22_3_7,-0.005723916126458772,-0.06244196000851324,-0.5186818750540921,69,40545
common,A,ocf,1,aplha22_7_31,0.002265467272392044,0.030180805787939215,0.2507006015601918,69,40545
common,A,ocf,3,ma3,-0.003050648369810318,-0.030949203976260702,-0.2533301525543314,67,37339
common,A,ocf,3,ma7,-0.029200904981296977,-0.2742785606721885,-2.245066776863284,67,37339
common,A,ocf,3,ma31,-0.05277011382619856,-0.4185249631082479,-3.4257744668759114,67,37339
common,A,ocf,3,rsi3,0.003105685875446988,0.03325278620918574,0.2721857857698405,67,37339
common,A,ocf,3,rsi31,0.05572928566358737,0.44620957010248646,3.652382741474402,67,37339
common,A,ocf,3,atr3,-0.027568930445406543,-0.22726510609260203,-1.8602450661049665,67,37339
common,A,ocf,3,atr7,-0.041029589636555654,-0.31694357748548196,-2.5942949904979606,67,37339
common,A,ocf,3,obv3,0.012037366814288986,0.11623415546759354,0.9514175666429201,67,37339
common,A,ocf,3,obv7,0.042973831072950316,0.41951801743775663,3.4339029668845766,67,37339
common,A,ocf,3,obv31,0.02285044978152635,0.22050675799189945,1.8049256027456015,67,37339
common,A,ocf,3,corr3,0.003792603076378309,0.0365980700356776,0.2995681140117158,67,37339
common,A,ocf,3,corr7,-0.04913516032807721,-0.4911464544853802,-4.020206992617233,67,37339
common,A,ocf,3,corr31,-0.09583904651068999,-0.9734370277794699,-7.967925473577964,67,37339
common,A,ocf,3,curvature,-0.005151649619277831,-0.04642052845907894,-0.37996840129430576,67,37339
common,A,ocf,3,vma_3_7,0.023908662997012768,0.22260722396590213,1.8221186577281283,67,37339
common,A,ocf,3,factor,0.027742017524484658,0.2864371614467929,2.3445892134157824,67,37339
common,A,ocf,3,overnight3,0.0005893800273838271,0.005835721312835634,0.047767437623894286,67,37339
common,A,ocf,3,overnight7,-0.026232095500690698,-0.2462667291654171,-2.0157800541941087,67,37339
common,A,ocf,3,overnight31,-0.05194377108065026,-0.414517817965136,-3.3929745702714458,67,37339
common,A,ocf,3,alpha15_wq,0.0005203953753753154,0.005079098404985461,0.041262790503027134,66,37339
common,A,ocf,3,alpha128_gtja,-0.017529299601028184,-0.16994061084872314,-1.3910238500642935,67,37339
common,A,ocf,3,alpha101_gtja,0.06627306214397077,0.573352136600073,4.693089500578399,67,37339
common,A,ocf,3,aplha22_3_7,0.002105370370338098,0.024097576853473836,0.19724716749299145,67,37339
common,A,ocf,3,aplha22_7_31,0.004801958546199761,0.05691421216177723,0.46586290427733995,67,37339
common,A,ocf,7,ma3,-0.003255465951412974,-0.029746841172984505,-0.23797472938387604,64,31595
common,A,ocf,7,ma7,-0.039403524730653276,-0.32085543728007954,-2.5668434982406363,64,31595
common,A,ocf,7,ma31,-0.0650901976569308,-0.48272890904767496,-3.8618312723813997,64,31595
common,A,ocf,7,rsi3,0.004753164498151533,0.05120164564112641,0.4096131651290113,64,31595
common,A,ocf,7,rsi31,0.068901414267491,0.5206889637267254,4.165511709813803,64,31595
common,A,ocf,7,atr3,-0.026211487495313397,-0.19484917815838793,-1.5587934252671034,64,31595
common,A,ocf,7,atr7,-0.045442162601203394,-0.31707982499650145,-2.5366385999720116,64,31595
common,A,ocf,7,obv3,0.016612805585820928,0.15456650004799027,1.2365320003839222,64,31595
common,A,ocf,7,obv7,0.05670839679122844,0.5162671794034792,4.130137435227834,64,31595
common,A,ocf,7,obv31,0.027761365900061966,0.24960055001319112,1.996804400105529,64,31595
common,A,ocf,7,corr3,-0.006777000174787355,-0.07026445811814912,-0.5621156649451929,64,31595
common,A,ocf,7,corr7,-0.06195882778579538,-0.614024514507204,-4.912196116057632,64,31595
common,A,ocf,7,corr31,-0.11557279448634249,-1.0658833565279917,-8.527066852223934,64,31595
common,A,ocf,7,curvature,-0.013024985056091301,-0.10630622537349668,-0.8504498029879735,64,31595
common,A,ocf,7,vma_3_7,0.02971993410713803,0.2772184135519809,2.217747308415847,64,31595
common,A,ocf,7,factor,0.03213436768478527,0.29170122639913754,2.3336098111931003,64,31595
common,A,ocf,7,overnight3,0.002622832944721964,0.02278561183704337,0.18228489469634696,64,31595
common,A,ocf,7,overnight7,-0.03625250423042632,-0.29435395193606845,-2.3548316154885476,64,31595
common,A,ocf,7,overnight31,-0.0643575842171965,-0.4788983170716387,-3.8311865365731097,64,31595
common,A,ocf,7,alpha15_wq,-0.004044671583670468,-0.033789708152748475,-0.2681974939368725,63,31595
common,A,ocf,7,alpha128_gtja,-0.023988264125512658,-0.21321436065121374,-1.70571488520971,64,31595
common,A,ocf,7,alpha101_gtja,0.08055564814300564,0.6192833064608098,4.954266451686478,64,31595
common,A,ocf,7,aplha22_3_7,0.005495660819955385,0.055700406884895415,0.4456032550791633,64,31595
common,A,ocf,7,aplha22_7_31,0.0029289540245830276,0.033262731579423284,0.26610185263538627,64,31595
common,B,ebit,1,ma3,-0.02846974416113081,-0.30373872772622007,-2.5412605199884566,70,47592
common,B,ebit,1,ma7,-0.05311333309169508,-0.5603956703013392,-4.688606563838995,70,47592
common,B,ebit,1,ma31,-0.08940965361434174,-0.8746432363103819,-7.317790332992939,70,47592
common,B,ebit,1,rsi3,0.030603843896779597,0.34088381714616744,2.8520386349854943,70,47592
common,B,ebit,1,rsi31,0.10273548187595895,1.0849931040579535,9.077703592304163,70,47592
common,B,ebit,1,atr3,0.05415319197672773,0.5900220176333363,4.9364783692879595,70,47592
common,B,ebit,1,atr7,0.05290626798053725,0.5886219990649473,4.924764973562194,70,47592
common,B,ebit,1,obv3,0.03459732434764315,0.3580211991199936,2.9954202595549537,70,47592
common,B,ebit,1,obv7,0.05957306126931403,0.7099184460431528,5.939603859034939,70,47592
common,B,ebit,1,obv31,0.051625693889758885,0.5575069965986268,4.664438185671399,70,47592
common,B,ebit,1,corr3,0.005502520249114367,0.07589832085597427,0.6350109114125122,70,47592
common,B,ebit,1,corr7,-0.011989417842098072,-0.16113638326693874,-1.3481637069972192,70,47592
common,B,ebit,1,corr31,-0.019383503581187976,-0.2364934593193234,-1.9786462394924043,70,47592
common,B,ebit,1,curvature,-0.001948938170435936,-0.02050489520359614,-0.17155626165119184,70,47592
common,B,ebit,1,vma_3_7,0.020405571981403418,0.27198009299204384,2.2755487181946377,70,47592
common,B,ebit,1,factor,0.04069405219626594,0.4792696765730003,4.009857803185442,70,47592
common,B,ebit,1,overnight3,-0.020240643445782525,-0.21742171944369684,-1.8190806155884771,70,47592
common,B,ebit,1,overnight7,-0.05107795507444032,-0.5364127539185775,-4.4879510892673355,70,47592
common,B,ebit,1,overnight31,-0.0884992093804911,-0.8638761579695295,-7.227706492489419,70,47592
common,B,ebit,1,alpha15_wq,-0.019713866034528137,-0.18378854484882298,-1.5266623123722216,69,47592
common,B,ebit,1,alpha128_gtja,-0.044687320811798756,-0.5077382967090983,-4.248043367970006,70,47592
common,B,ebit,1,alpha101_gtja,0.09417521144790186,0.9918914580952365,8.298759336488834,70,47592
common,B,ebit,1,aplha22_3_7,-0.0038790220191095974,-0.05041654693102649,-0.4218150949306909,70,47592
common,B,ebit,1,aplha22_7_31,-0.0013727137998506829,-0.019346629533500234,-0.16186551578843236,70,47592
common,B,ebit,3,ma3,-0.03105675320422631,-0.33169122334390894,-2.73519589787455,68,43503
common,B,ebit,3,ma7,-0.047348774960700474,-0.5214751796275647,-4.300194493484785,68,43503
common,B,ebit,3,ma31,-0.08716421980229602,-0.8690804671916563,-7.166621126784685,68,43503
common,B,ebit,3,rsi3,0.02851341508126381,0.31592398192182647,2.6051758942588297,68,43503
common,B,ebit,3,rsi31,0.0925037706385812,1.0107552776888147,8.334901543122985,68,43503
common,B,ebit,3,atr3,0.03314145479976177,0.3096834340193768,2.5537150179317765,68,43503
common,B,ebit,3,atr7,0.03819795507112306,0.3871092748524973,3.1921848577462097,68,43503
common,B,ebit,3,obv3,0.028340837581154108,0.3275395457870591,2.7009602876937535,68,43503
common,B,ebit,3,obv7,0.05923578011265935,0.6665549901345227,5.49655325921435,68,43503
common,B,ebit,3,obv31,0.03729193511095819,0.3996262338095949,3.295402345529479,68,43503
common,B,ebit,3,corr3,0.0006445798154793373,0.009177644446677588,0.07568079489603008,68,43503
common,B,ebit,3,corr7,-0.012873014017758515,-0.16007701975861732,-1.320028921397729,68,43503
common,B,ebit,3,corr31,-0.034836387267302225,-0.43489662403509155,-3.586249434242429,68,43503
common,B,ebit,3,curvature,0.011913397031475235,0.12204545546474789,1.0064126080155433,68,43503
common,B,ebit,3,vma_3_7,0.010943534555803025,0.11916855062869018,0.982689042987711,68,43503
common,B,ebit,3,factor,0.036225702431832006,0.4586488752871827,3.782115515759591,68,43503
common,B,ebit,3,overnight3,-0.022200778063519527,-0.25246784236759207,-2.081903162306743,68,43503
common,B,ebit,3,overnight7,-0.04500473526964134,-0.49593875928146136,-4.089615776710472,68,43503
common,B,ebit,3,overnight31,-0.08632750333534578,-0.8559710231544433,-7.058517881867579,68,43503
common,B,ebit,3,alpha15_wq,-0.0189545101645097,-0.19505875517158672,-1.5966247223217371,67,43503
common,B,ebit,3,alpha128_gtja,-0.03380675893257218,-0.40202909692444383,-3.3152168623823246,68,43503
common,B,ebit,3,alpha101_gtja,0.09369506851483234,0.9847518315868469,8.120471633306046,68,43503
common,B,ebit,3,aplha22_3_7,-0.0034297915136083,-0.047539515833608374,-0.39202089034538107,68,43503
common,B,ebit,3,aplha22_7_31,-0.005187148753487859,-0.0734820492849884,-0.6059485015776999,68,43503
common,B,ebit,7,ma3,-0.028927454277023357,-0.267385820375016,-2.155733402103637,65,37810
common,B,ebit,7,ma7,-0.04130170483965266,-0.4056261015700425,-3.270262180295209,65,37810
common,B,ebit,7,ma31,-0.09262434932242161,-0.8372631419982255,-6.750231253939981,65,37810
common,B,ebit,7,rsi3,0.02004854516939862,0.22486076330870408,1.8128854312739258,65,37810
common,B,ebit,7,rsi31,0.09899403194041917,0.9497405354835075,7.657052991075122,65,37810
common,B,ebit,7,atr3,0.0413705858427359,0.41398016034446394,3.33761475537903,65,37810
common,B,ebit,7,atr7,0.04490683100403932,0.46814036019760313,3.7742682462943997,65,37810
common,B,ebit,7,obv3,0.019435634365875212,0.20431918233695617,1.647273910922149,65,37810
common,B,ebit,7,obv7,0.0574894706613504,0.5595834051079126,4.511505643650555,65,37810
common,B,ebit,7,obv31,0.04671042727318627,0.4512831093874143,3.6383607453349422,65,37810
common,B,ebit,7,corr3,-0.008299990728134775,-0.10018278497570275,-0.807699434416487,65,37810
common,B,ebit,7,corr7,-0.01742656571625481,-0.21230291930808562,-1.7116408561780148,65,37810
common,B,ebit,7,corr31,-0.040521405025103374,-0.4547405162352734,-3.6662352504831146,65,37810
common,B,ebit,7,curvature,0.0028096399424009898,0.028406557912287026,0.22902099163082754,65,37810
common,B,ebit,7,vma_3_7,0.010542733841145282,0.10858795904424604,0.8754641141763981,65,37810
common,B,ebit,7,factor,0.03016265374267289,0.3874363007417696,3.123611317627459,65,37810
common,B,ebit,7,overnight3,-0.02267451970528547,-0.24737879787768807,-1.9944316299541711,65,37810
common,B,ebit,7,overnight7,-0.038852712340133724,-0.39002698000904173,-3.1444980416233803,65,37810
common,B,ebit,7,overnight31,-0.09174195473061997,-0.8299200718330925,-6.6910295296048385,65,37810
common,B,ebit,7,alpha15_wq,-0.002450766514432245,-0.02689078169514267,-0.21512625356114137,64,37810
common,B,ebit,7,alpha128_gtja,-0.029751572913175824,-0.31961706716682226,-2.576835176254171,65,37810
common,B,ebit,7,alpha101_gtja,0.09708238537240774,0.9771910363607405,7.878366004467269,65,37810
common,B,ebit,7,aplha22_3_7,-0.002687647385917471,-0.033932364827786,-0.2735714712509108,65,37810
common,B,ebit,7,aplha22_7_31,-0.006124729096169881,-0.0845052025382069,-0.6813027239351966,65,37810
common,B,revenue,1,ma3,-0.02327722742745756,-0.24676275256948335,-2.0645653111240545,70,57792
common,B,revenue,1,ma7,-0.0406283890162333,-0.4238053009369919,-3.545809543272255,70,57792
common,B,revenue,1,ma31,-0.056509249878597234,-0.5166890257331861,-4.322930539797931,70,57792
common,B,revenue,1,rsi3,0.028821893465749985,0.34471598916309615,2.8841008863991613,70,57792
common,B,revenue,1,rsi31,0.07130395816865794,0.6475977550784491,5.41819154947343,70,57792
common,B,revenue,1,atr3,0.06647678644176848,0.6594102734313116,5.5170221686588325,70,57792
common,B,revenue,1,atr7,0.06545437731575734,0.6461238412413293,5.405859901572694,70,57792
common,B,revenue,1,obv3,0.03365852337140826,0.35827485490608313,2.9975424961221564,70,57792
common,B,revenue,1,obv7,0.03799643072309512,0.4193283808761278,3.50835294270312,70,57792
common,B,revenue,1,obv31,0.04024289026612803,0.4158117043992458,3.4789303163585217,70,57792
common,B,revenue,1,corr3,-0.0004029907612067499,-0.0064623920607498634,-0.0540682511302058,70,57792
common,B,revenue,1,corr7,-0.009861033654228418,-0.1482355890774393,-1.240227918908247,70,57792
common,B,revenue,1,corr31,-0.031486061995968435,-0.4433597506256519,-3.7094138072259906,70,57792
common,B,revenue,1,curvature,-0.01335386802709181,-0.14524794966473092,-1.2152315342051385,70,57792
common,B,revenue,1,vma_3_7,0.010284002707863046,0.1582821861852464,1.3242837809361974,70,57792
common,B,revenue,1,factor,0.02865428611065328,0.4263642485298374,3.5672192348815495,70,57792
common,B,revenue,1,overnight3,-0.01808048296869956,-0.20421869776667534,-1.7086162109222094,70,57792
common,B,revenue,1,overnight7,-0.03835161017115517,-0.4088152327879549,-3.420393635119046,70,57792
common,B,revenue,1,overnight31,-0.05534427840273922,-0.5052249163933247,-4.2270149195531515,70,57792
common,B,revenue,1,alpha15_wq,-0.018842969058423614,-0.2122487112214215,-1.7630702095054671,69,57792
common,B,revenue,1,alpha128_gtja,-0.0343055817315062,-0.3866705163557489,-3.2351176447414556,70,57792
common,B,revenue,1,alpha101_gtja,0.06623867582383411,0.6660815094852527,5.572837733997885,70,57792
common,B,revenue,1,aplha22_3_7,-0.0026948825875938967,-0.039118687811758944,-0.32729042382564455,70,57792
common,B,revenue,1,aplha22_7_31,-0.0062792305917851446,-0.09352196969923576,-0.7824609365008159,70,57792
common,B,revenue,3,ma3,-0.01992154792846319,-0.2131700296184978,-1.757845096666223,68,52735
common,B,revenue,3,ma7,-0.033938882574699535,-0.34142545709196925,-2.8154664457299594,68,52735
common,B,revenue,3,ma31,-0.057822239264001284,-0.569990201540192,-4.700259613034619,68,52735
common,B,revenue,3,rsi3,0.02678713160454757,0.296107602395562,2.4417658424505984,68,52735
common,B,revenue,3,rsi31,0.07340302340092997,0.7780390966515836,6.415874752709255,68,52735
common,B,revenue,3,atr3,0.07110780924825452,0.6936056764260029,5.71961893286479,68,52735
common,B,revenue,3,atr7,0.07473065484422586,0.727444607606508,5.998661907895249,68,52735
common,B,revenue,3,obv3,0.02739304864647983,0.28731433616305335,2.3692547115089777,68,52735
common,B,revenue,3,obv7,0.03594014096993412,0.36396289562172873,3.001314924908087,68,52735
common,B,revenue,3,obv31,0.04177962567030886,0.45158442672959004,3.723860580580198,68,52735
common,B,revenue,3,corr3,0.0026906653494060636,0.04535271958225496,0.3739881064933113,68,52735
common,B,revenue,3,corr7,-0.011802693875715321,-0.14940681936936634,-1.2320401948949522,68,52735
common,B,revenue,3,corr31,-0.032747865138576436,-0.4410105872614164,-3.6366664665889883,68,52735
common,B,revenue,3,curvature,0.002405654985456096,0.02637067034126639,0.21745811847076846,68,52735
common,B,revenue,3,vma_3_7,0.0074211346301802875,0.09545627194899584,0.7871525837467881,68,52735
common,B,revenue,3,factor,0.03348360254108181,0.5207707575806809,4.294385680476153,68,52735
common,B,revenue,3,overnight3,-0.011764619374354426,-0.13549666944327668,-1.1173341600680613,68,52735
common,B,revenue,3,overnight7,-0.03104753282143088,-0.3144025447816258,-2.59262980219526,68,52735
common,B,revenue,3,overnight31,-0.056951478333806725,-0.5589168353618976,-4.60894629626612,68,52735
common,B,revenue,3,alpha15_wq,-0.02043341489064291,-0.22894253006427154,-1.8739753730610766,67,52735
common,B,revenue,3,alpha128_gtja,-0.028205934151648997,-0.28857361167921297,-2.3796389634387385,68,52735
common,B,revenue,3,alpha101_gtja,0.06605687634771926,0.7149387772645995,5.8955361890237645,68,52735
common,B,revenue,3,aplha22_3_7,0.00019755373556292207,0.0029563667636059725,0.02437882486882572,68,52735
common,B,revenue,3,aplha22_7_31,-0.007447427251485721,-0.09693905549271456,-0.799379930088148,68,52735
common,B,revenue,7,ma3,-0.027299763156026943,-0.27941925334020495,-2.2527500402658625,65,45248
common,B,revenue,7,ma7,-0.03685505212493238,-0.36000174977200994,-2.9024268965004225,65,45248
common,B,revenue,7,ma31,-0.06511970407819395,-0.5939235613047803,-4.788364834026534,65,45248
common,B,revenue,7,rsi3,0.028051842047186668,0.31158881679683126,2.51210935250343,65,45248
common,B,revenue,7,rsi31,0.07739673192103202,0.731101959559996,5.8943324382588305,65,45248
common,B,revenue,7,atr3,0.08205358265644354,0.823868373303558,6.642239176244733,65,45248
common,B,revenue,7,atr7,0.08752167947052977,0.8465818323871375,6.825360937731983,65,45248
common,B,revenue,7,obv3,0.028289614951168482,0.28981416404649357,2.3365564896505093,65,45248
common,B,revenue,7,obv7,0.0371848348185783,0.35649625153595965,2.8741646661851794,65,45248
common,B,revenue,7,obv31,0.047168283834587287,0.5160141926248796,4.160239422721956,65,45248
common,B,revenue,7,corr3,-0.002660603664131811,-0.0408215660319954,-0.32911398703913586,65,45248
common,B,revenue,7,corr7,-0.015065676837679579,-0.1819182928595841,-1.4666721661644266,65,45248
common,B,revenue,7,corr31,-0.037356041466021596,-0.46976141465519483,-3.7873376051555323,65,45248
common,B,revenue,7,curvature,0.0023361197953263883,0.023550370646532964,0.1898691582203131,65,45248
common,B,revenue,7,vma_3_7,0.004241647206574563,0.05160676019450543,0.4160670022427365,65,45248
common,B,revenue,7,factor,0.03619323938968409,0.5606697031925955,4.520263658800751,65,45248
common,B,revenue,7,overnight3,-0.016787427102510005,-0.18382977024315753,-1.4820829895108387,65,45248
common,B,revenue,7,overnight7,-0.03318751522663712,-0.32773019017297045,-2.642245265073388,65,45248
common,B,revenue,7,overnight31,-0.06435412452123833,-0.5848483621039269,-4.715198238952101,65,45248
common,B,revenue,7,alpha15_wq,-0.012742957009254744,-0.14222639509819757,-1.1378111607855805,64,45248
common,B,revenue,7,alpha128_gtja,-0.029081987147304866,-0.27852627949258635,-2.2455506549438713,65,45248
common,B,revenue,7,alpha101_gtja,0.070029803713273,0.6872059298232012,5.540431332393813,65,45248
common,B,revenue,7,aplha22_3_7,0.0007410354023325575,0.009775228343446556,0.0788104104533396,65,45248
common,B,revenue,7,aplha22_7_31,-0.009250225416735312,-0.11796649381940387,-0.9510762788351017,65,45248
common,B,ocf,1,ma3,-0.005041720981666393,-0.056614058517265746,-0.47027168945615994,69,40545
common,B,ocf,1,ma7,-0.02997703128702406,-0.3007518122417052,-2.498232180382805,69,40545
common,B,ocf,1,ma31,-0.03808360460551588,-0.4673083237865393,-3.8817544737055134,69,40545
common,B,ocf,1,rsi3,0.011502694995661285,0.13464369975459106,1.1184345693730626,69,40545
common,B,ocf,1,rsi31,0.03372090373147572,0.4515883738987918,3.751174762844074,69,40545
common,B,ocf,1,atr3,-0.002931951550226043,-0.02864639558099718,-0.23795483311970203,69,40545
common,B,ocf,1,atr7,-0.006753652464587817,-0.07223859309297441,-0.6000588212097301,69,40545
common,B,ocf,1,obv3,0.01699084268087046,0.19868229096743573,1.6503790592893341,69,40545
common,B,ocf,1,obv7,0.04234505648117071,0.5083079968016858,4.222323335944968,69,40545
common,B,ocf,1,obv31,0.016853488255310422,0.1798978037154361,1.4943433892291933,69,40545
common,B,ocf,1,corr3,0.009272004131359231,0.12611817892531513,1.047616274608794,69,40545
common,B,ocf,1,corr7,-0.02006547966142819,-0.26439560160727343,-2.196234813561558,69,40545
common,B,ocf,1,corr31,-0.03166909361202391,-0.36258030852299006,-3.011818243001267,69,40545
common,B,ocf,1,curvature,0.004619712682608338,0.048581976757126936,0.4035522074384819,69,40545
common,B,ocf,1,vma_3_7,0.011254363638709282,0.13628305282507475,1.1320520587080904,69,40545
common,B,ocf,1,factor,0.010977916135094976,0.12679614134959458,1.0532478534604757,69,40545
common,B,ocf,1,overnight3,0.0023545919441585613,0.025995521242232745,0.2159350170797242,69,40545
common,B,ocf,1,overnight7,-0.029629073789041553,-0.29412436274483367,-2.4431804502418077,69,40545
common,B,ocf,1,overnight31,-0.037987557808626685,-0.4627872235299226,-3.844199394427256,69,40545
common,B,ocf,1,alpha15_wq,0.013257388546931818,0.1113760393763411,0.9184303490232121,68,40545
common,B,ocf,1,alpha128_gtja,-0.02987992960319093,-0.3075699710363387,-2.5548680609274723,69,40545
common,B,ocf,1,alpha101_gtja,0.0409550441350922,0.5159492681061251,4.2857965025054545,69,40545
common,B,ocf,1,aplha22_3_7,0.002605685037118019,0.03670586598775406,0.3049018223229509,69,40545
common,B,ocf,1,aplha22_7_31,-0.00847168345532912,-0.11580495871532553,-0.9619482335089656,69,40545
common,B,ocf,3,ma3,0.0012933623832594354,0.015468524415989945,0.12661532920519997,67,37339
common,B,ocf,3,ma7,-0.02300310758321078,-0.25225219534832066,-2.0647732064052873,67,37339
common,B,ocf,3,ma31,-0.05002475766315211,-0.5315433713250267,-4.350870007845734,67,37339
common,B,ocf,3,rsi3,0.010914950317631036,0.13973431187459115,1.1437746370283743,67,37339
common,B,ocf,3,rsi31,0.05657511715734392,0.6917358858919087,5.66210225098898,67,37339
common,B,ocf,3,atr3,0.009803349235050204,0.10668953333494433,0.8732914674129647,67,37339
common,B,ocf,3,atr7,0.005074574818345079,0.052396958559483696,0.4288875899825557,67,37339
common,B,ocf,3,obv3,0.011629148748514532,0.13718415323314856,1.1229006889239275,67,37339
common,B,ocf,3,obv7,0.03743670830417425,0.4454629389467627,3.6462713020743323,67,37339
common,B,ocf,3,obv31,0.024300214577453117,0.3095390233653857,2.533686102906551,67,37339
common,B,ocf,3,corr3,-0.000830110630468935,-0.009712250478318314,-0.07949819637382234,67,37339
common,B,ocf,3,corr7,-0.025983558653593974,-0.36000014406765635,-2.9467281771186724,67,37339
common,B,ocf,3,corr31,-0.03672205228020633,-0.4625837351784,-3.7864110589656277,67,37339
common,B,ocf,3,curvature,-0.01033839133598418,-0.1259880011621542,-1.0312562345353085,67,37339
common,B,ocf,3,vma_3_7,0.0184479326953708,0.2525684457986361,2.067361827905383,67,37339
common,B,ocf,3,factor,0.01684506359579853,0.22060969693985985,1.8057681943486232,67,37339
common,B,ocf,3,overnight3,0.0029922311312387956,0.03390846607513202,0.2775527567780248,67,37339
common,B,ocf,3,overnight7,-0.021035359058070496,-0.2299622989736756,-1.8823225413303366,67,37339
common,B,ocf,3,overnight31,-0.04888398418256793,-0.5235997675192647,-4.285848808415584,67,37339
common,B,ocf,3,alpha15_wq,-0.0006103986694580599,-0.005911521733919819,-0.048025429596204774,66,37339
common,B,ocf,3,alpha128_gtja,-0.018459452046544096,-0.2282031791596597,-1.8679235250846258,67,37339
common,B,ocf,3,alpha101_gtja,0.055050755209143015,0.6801606025927418,5.567354473750936,67,37339
common,B,ocf,3,aplha22_3_7,0.01349608282692807,0.17857526132577797,1.461701510280804,67,37339
common,B,ocf,3,aplha22_7_31,0.0016664385559262828,0.026521198455227834,0.2170853652888785,67,37339
common,B,ocf,7,ma3,-0.0026807841152966527,-0.031001250579643706,-0.24801000463714964,64,31595
common,B,ocf,7,ma7,-0.03794106920391385,-0.3875130305044873,-3.1001042440358986,64,31595
common,B,ocf,7,ma31,-0.061329559179140444,-0.6443917129402363,-5.155133703521891,64,31595
common,B,ocf,7,rsi3,0.017326043438318763,0.23946297035735045,1.9157037628588036,64,31595
common,B,ocf,7,rsi31,0.06606353235123513,0.7718240081655361,6.174592065324289,64,31595
common,B,ocf,7,atr3,0.016396341251620906,0.15512799394160579,1.2410239515328463,64,31595
common,B,ocf,7,atr7,0.0036387837840824405,0.03150813764724487,0.25206510117795894,64,31595
common,B,ocf,7,obv3,0.01782425186800512,0.20883470291937128,1.6706776233549703,64,31595
common,B,ocf,7,obv7,0.05436476804149651,0.5410654897443181,4.328523917954545,64,31595
common,B,ocf,7,obv31,0.026076136976072375,0.29893970825413463,2.391517666033077,64,31595
common,B,ocf,7,corr3,-0.0021645214172167785,-0.024520584987446435,-0.19616467989957148,64,31595
common,B,ocf,7,corr7,-0.025885464218940845,-0.35495636392839475,-2.839650911427158,64,31595
common,B,ocf,7,corr31,-0.04473175038139568,-0.554791115143682,-4.438328921149456,64,31595
common,B,ocf,7,curvature,-0.007255641084474519,-0.07831504732106621,-0.6265203785685297,64,31595
common,B,ocf,7,vma_3_7,0.02749737588482603,0.37701175241905227,3.016094019352418,64,31595
common,B,ocf,7,factor,0.02307707676036041,0.2924624475099415,2.339699580079532,64,31595
common,B,ocf,7,overnight3,-0.0006236101951284179,-0.007287586640717807,-0.05830069312574246,64,31595
common,B,ocf,7,overnight7,-0.03609387119050654,-0.38081703164925496,-3.0465362531940396,64,31595
common,B,ocf,7,overnight31,-0.06063025887937448,-0.6398127111689929,-5.118501689351943,64,31595
common,B,ocf,7,alpha15_wq,-0.0033832971900544548,-0.027654812017433472,-0.21950326545710822,63,31595
common,B,ocf,7,alpha128_gtja,-0.03229337800677905,-0.35860657749536395,-2.8688526199629116,64,31595
common,B,ocf,7,alpha101_gtja,0.06561707963995655,0.7788623407781927,6.230898726225542,64,31595
common,B,ocf,7,aplha22_3_7,0.01350792290092899,0.16331111011228822,1.3064888808983057,64,31595
common,B,ocf,7,aplha22_7_31,-0.006933600176744661,-0.10490149099820398,-0.8392119279856318,64,31595
own,A,ebit,1,ma3,-0.008344049236604822,-0.07863046585480418,-0.657869676484672,70,57835
own,A,ebit,1,ma7,-0.04516693682309401,-0.37314418026217605,-3.1219481975918812,70,57835
own,A,ebit,1,ma31,-0.06907367447682346,-0.499371420433562,-4.178041058703029,70,57835
own,A,ebit,1,rsi3,0.017295118852330402,0.16900989509682712,1.4140382331623271,70,57835
own,A,ebit,1,rsi31,0.07475914603699299,0.6213738350533564,5.198786493233214,70,57835
own,A,ebit,1,atr3,-0.02995124305017849,-0.2766971169723999,-2.315014172280303,70,57835
own,A,ebit,1,atr7,-0.043234002637599585,-0.3521049129683192,-2.9459210582685227,70,57835
own,A,ebit,1,obv3,0.029423373797658404,0.25116951936526144,2.1014349673669064,70,57835
own,A,ebit,1,obv7,0.056100177528418026,0.5285125696483483,4.421853405455796,70,57835
own,A,ebit,1,obv31,0.02735366325779632,0.2476543535267344,2.0720249799295694,70,57835
own,A,ebit,1,corr3,-0.018802742069903282,-0.2543005612899356,-2.1276311435646784,70,57835
own,A,ebit,1,corr7,-0.06279354897959125,-0.7796145153007759,-6.522723010578975,70,57835
own,A,ebit,1,corr31,-0.12189073868579986,-1.3619545813015048,-11.394929561299227,70,57835
own,A,ebit,1,curvature,-0.016273798828741807,-0.13667678053919785,-1.143519988325173,70,57835
own,A,ebit,1,vma_3_7,0.022832717103839165,0.25933659795619673,2.1697656492728847,70,57835
own,A,ebit,1,factor,0.0264861996054386,0.2786796148356941,2.3316009394293777,70,57835
own,A,ebit,1,overnight3,0.009756600830824724,0.09047955971042462,0.7570063082811533,70,57835
own,A,ebit,1,overnight7,-0.04032401441384592,-0.32736238299686293,-2.7389102004441357,70,57835
own,A,ebit,1,overnight31,-0.06688494306567902,-0.48329435582495756,-4.0435306856827795,70,57835
own,A,ebit,1,alpha15_wq,-0.0059644090023214524,-0.06542702570232278,-0.5434776929786687,69,57835
own,A,ebit,1,alpha128_gtja,-0.03536713838875204,-0.32724589507167395,-2.7379355925383404,70,57835
own,A,ebit,1,alpha101_gtja,0.08135279384096147,0.6952221249013841,5.816645614670684,70,57835
own,A,ebit,1,aplha22_3_7,0.0021860837289157456,0.02712744977063013,0.22696452844897205,70,57835
own,A,ebit,1,aplha22_7_31,-0.0022939923933150397,-0.02717112698823724,-0.22732995826939303,70,57835
own,A,ebit,3,ma3,-0.01941817926920769,-0.17032562562651707,-1.4045410904150804,68,52777
own,A,ebit,3,ma7,-0.05842723165600817,-0.4689477474575162,-3.8670421913256305,68,52777
own,A,ebit,3,ma31,-0.08267939348902947,-0.5560731578976879,-4.585496731165869,68,52777
own,A,ebit,3,rsi3,0.02549150030363994,0.23137296544027366,1.9079503508452658,68,52777
own,A,ebit,3,rsi31,0.08435597896212474,0.6603936612060528,5.4457456392818395,68,52777
own,A,ebit,3,atr3,-0.027662132026794038,-0.22702302589787451,-1.8720798304485406,68,52777
own,A,ebit,3,atr7,-0.035640045597627575,-0.27898060422993287,-2.300532997477301,68,52777
own,A,ebit,3,obv3,0.038558953995053095,0.3206783427929498,2.64438135836672,68,52777
own,A,ebit,3,obv7,0.0754112702718577,0.64127534636349,5.288091976322439,68,52777
own,A,ebit,3,obv31,0.02585030499101013,0.23152964376417934,1.9092423534026814,68,52777
own,A,ebit,3,corr3,-0.01800838425063738,-0.23991494236692942,-1.978389297085647,68,52777
own,A,ebit,3,corr7,-0.06840637535449051,-0.7658066368747058,-6.315003305266882,68,52777
own,A,ebit,3,corr31,-0.13673597213104474,-1.4481209671639812,-11.941511412577396,68,52777
own,A,ebit,3,curvature,-0.006014876560182673,-0.04760382490472612,-0.39255119653118875,68,52777
own,A,ebit,3,vma_3_7,0.021880831691304847,0.21590384640871296,1.7803887274405115,68,52777
own,A,ebit,3,factor,0.03216927728613621,0.3451727609918732,2.8463675053111457,68,52777
own,A,ebit,3,overnight3,0.0008997494543388991,0.007789236784507915,0.0642316920109452,68,52777
own,A,ebit,3,overnight7,-0.052601921132312816,-0.413434011564349,-3.4092641978052884,68,52777
own,A,ebit,3,overnight31,-0.08055364573285739,-0.5396942475724359,-4.450432776558801,68,52777
own,A,ebit,3,alpha15_wq,-0.009668746823242994,-0.11999585049869596,-0.982208367492693,67,52777
own,A,ebit,3,alpha128_gtja,-0.041527966420730776,-0.3783453941093933,-3.1199160457579405,68,52777
own,A,ebit,3,alpha101_gtja,0.09607846193063838,0.7708446920233156,6.356548172317691,68,52777
own,A,ebit,3,aplha22_3_7,0.002384341163809374,0.02747411310180591,0.22655734057782365,68,52777
own,A,ebit,3,aplha22_7_31,-0.003184616719154143,-0.03613808846841462,-0.29800231172637803,68,52777
own,A,ebit,7,ma3,-0.016374507631405872,-0.13648486750342134,-1.1003761805549594,65,45279
own,A,ebit,7,ma7,-0.053772281056261806,-0.4058934976002557,-3.27241799601166,65,45279
own,A,ebit,7,ma31,-0.08220015902146816,-0.5409807594769849,-4.3615263197737555,65,45279
own,A,ebit,7,rsi3,0.020062076793402547,0.1806583176214305,1.4565139210379585,65,45279
own,A,ebit,7,rsi31,0.08420674033091169,0.6579181980214203,5.304306089744815,65,45279
own,A,ebit,7,atr3,-0.01838663383705601,-0.15242796596053237,-1.2289135496226897,65,45279
own,A,ebit,7,atr7,-0.02870040678909874,-0.22641338911288625,-1.8254031006939013,65,45279
own,A,ebit,7,obv3,0.029701381843245327,0.23896189726424616,1.9265724077667905,65,45279
own,A,ebit,7,obv7,0.07074623556164396,0.6099600947013206,4.917655499658639,65,45279
own,A,ebit,7,obv31,0.026446847859006896,0.2390068641273753,1.9269349422074702,65,45279
own,A,ebit,7,corr3,-0.028337175167373753,-0.3534928114363494,-2.849950157970546,65,45279
own,A,ebit,7,corr7,-0.07278512490054487,-0.7767441499847589,-6.262311541660193,65,45279
own,A,ebit,7,corr31,-0.14217238188348666,-1.4442050160245017,-11.643553080575169,65,45279
own,A,ebit,7,curvature,-0.014627265078591098,-0.11724013185010262,-0.9452201614200334,65,45279
own,A,ebit,7,vma_3_7,0.02266047235159978,0.2238323711386326,1.8045942685324772,65,45279
own,A,ebit,7,factor,0.027321727462576884,0.2864534317499009,2.3094613996523483,65,45279
own,A,ebit,7,overnight3,0.0035535701972263752,0.030762744709163757,0.24801717689038572,65,45279
own,A,ebit,7,overnight7,-0.047477954582146736,-0.35436036756318984,-2.8569446190762493,65,45279
own,A,ebit,7,overnight31,-0.08000812183576507,-0.5256813881773743,-4.238178844969373,65,45279
own,A,ebit,7,alpha15_wq,-0.0001620869328532535,-0.0020052144809847546,-0.016041715847878037,64,45279
own,A,ebit,7,alpha128_gtja,-0.037275729536775395,-0.32196133619748074,-2.595735277410693,65,45279
own,A,ebit,7,alpha101_gtja,0.09733683151488703,0.7661567029615304,6.176952814862468,65,45279
own,A,ebit,7,aplha22_3_7,0.0016625322690079838,0.017050904070528727,0.13746878345811553,65,45279
own,A,ebit,7,aplha22_7_31,-0.006129788264477263,-0.06634908336944138,-0.5349234114877852,65,45279
own,A,revenue,1,ma3,-0.00599771759615512,-0.07922126220494585,-0.6628126333845294,70,57835
own,A,revenue,1,ma7,-0.01796407129620109,-0.23419195009162647,-1.9593904317772708,70,57835
own,A,revenue,1,ma31,-0.014628262163719565,-0.15654228504323758,-1.3097267235797996,70,57835
own,A,revenue,1,rsi3,0.01272392353466273,0.17249252449845195,1.443176001238045,70,57835
own,A,revenue,1,rsi31,0.015736284899959905,0.1755757371031666,1.4689720086347524,70,57835
own,A,revenue,1,atr3,0.05650680759854793,0.6227464904375211,5.210270952134588,70,57835
own,A,revenue,1,atr7,0.05474483656358704,0.5349029485453883,4.475319151231399,70,57835
own,A,revenue,1,obv3,0.01384588498153219,0.18568191614850268,1.5535263689170427,70,57835
own,A,revenue,1,obv7,0.030593117705595863,0.36928263798594696,3.089640216958958,70,57835
own,A,revenue,1,obv31,0.004312761142302361,0.05742344609727024,0.48043901935420175,70,57835
own,A,revenue,1,corr3,-0.012676454380314584,-0.19352017004430172,-1.6191059060414428,70,57835
own,A,revenue,1,corr7,-0.012888093529106743,-0.1904786281324717,-1.593658540674881,70,57835
own,A,revenue,1,corr31,-0.023854667802548718,-0.33750282299010154,-2.823751208382238,70,57835
own,A,revenue,1,curvature,-0.007097597775511391,-0.09061289072401502,-0.7581218355748368,70,57835
own,A,revenue,1,vma_3_7,0.012420686878702849,0.18793655201557843,1.5723900059607652,70,57835
own,A,revenue,1,factor,0.008379735793531058,0.15048228040950307,1.2590250872032303,70,57835
own,A,revenue,1,overnight3,0.00016463526817402696,0.0024933360940863044,0.020860746426366157,70,57835
own,A,revenue,1,overnight7,-0.016211085686799867,-0.2110381456948389,-1.7656718057674603,70,57835
own,A,revenue,1,overnight31,-0.014480137701060707,-0.1551482430070151,-1.2980633311096446,70,57835
own,A,revenue,1,alpha15_wq,0.006953291750585904,0.0813171033674201,0.6754705912951875,69,57835
own,A,revenue,1,alpha128_gtja,-0.017279699938510956,-0.23086833177724567,-1.931583045906281,70,57835
own,A,revenue,1,alpha101_gtja,0.024037847831113617,0.2720946293853461,2.276506998413231,70,57835
own,A,revenue,1,aplha22_3_7,-0.0003173220041476039,-0.005498995555108295,-0.046007897670476694,70,57835
own,A,revenue,1,aplha22_7_31,-0.0006832630527896431,-0.011171118434308722,-0.09346428245664036,70,57835
own,A,revenue,3,ma3,-0.008006760009220628,-0.10159366606513053,-0.8377628321605234,68,52777
own,A,revenue,3,ma7,-0.021535004075010522,-0.2882198209687548,-2.376721530501576,68,52777
own,A,revenue,3,ma31,-0.02179419206265285,-0.23788154314572738,-1.9616214575495174,68,52777
own,A,revenue,3,rsi3,0.016191133174707724,0.21395555196150082,1.7643226798491916,68,52777
own,A,revenue,3,rsi31,0.02419274721629399,0.2707517482356223,2.2326761125922214,68,52777
own,A,revenue,3,atr3,0.06600331786565884,0.7009414156050832,5.780110987819451,68,52777
own,A,revenue,3,atr7,0.0662408554190159,0.6595853898195813,5.439080462680666,68,52777
own,A,revenue,3,obv3,0.017647070453439297,0.23908895768993632,1.9715780529488787,68,52777
own,A,revenue,3,obv7,0.033518335417841945,0.39646853423408074,3.269363287761853,68,52777
own,A,revenue,3,obv31,0.011348019347641706,0.14949720819168785,1.2327855602185656,68,52777
own,A,revenue,3,corr3,-0.012985627025254215,-0.1921772100072225,-1.5847338713925712,68,52777
own,A,revenue,3,corr7,-0.013945793078419245,-0.19493701797172852,-1.6074918308807296,68,52777
own,A,revenue,3,corr31,-0.02667159386740517,-0.3927380122975835,-3.238600615796129,68,52777
own,A,revenue,3,curvature,-0.0025668845991139782,-0.03127446562399068,-0.2578958503049242,68,52777
own,A,revenue,3,vma_3_7,0.012875192926408603,0.18727092150871907,1.544275579974406,68,52777
own,A,revenue,3,factor,0.010998108254061478,0.19763913942839034,1.6297740952388586,68,52777
own,A,revenue,3,overnight3,-0.00019883194659864567,-0.0031243211607658726,-0.025763812308380138,68,52777
own,A,revenue,3,overnight7,-0.01910088290400004,-0.25438797837804256,-2.097737009480022,68,52777
own,A,revenue,3,overnight31,-0.021603322974275845,-0.2355321609275825,-1.9422479554687992,68,52777
own,A,revenue,3,alpha15_wq,0.00617483395905347,0.07103935072609806,0.5814821463778859,67,52777
own,A,revenue,3,alpha128_gtja,-0.018888852073648606,-0.25297277734757906,-2.0860669628198543,68,52777
own,A,revenue,3,alpha101_gtja,0.030809954781794942,0.34552753716995893,2.849293064622546,68,52777
own,A,revenue,3,aplha22_3_7,0.0019251994508802685,0.030844563555257262,0.25435078702880537,68,52777
own,A,revenue,3,aplha22_7_31,-0.001702628990100919,-0.02646177752332005,-0.2182094075404877,68,52777
own,A,revenue,7,ma3,-0.007206176304532963,-0.09376862546582114,-0.7559868272091211,65,45279
own,A,revenue,7,ma7,-0.01906987697246441,-0.24628099218356694,-1.985580837490617,65,45279
own,A,revenue,7,ma31,-0.025694351302263718,-0.27034744968147023,-2.1796108209271856,65,45279
own,A,revenue,7,rsi3,0.014211198730567684,0.1871631462060688,1.5089575256958123,65,45279
own,A,revenue,7,rsi31,0.027498961810873402,0.300094280511778,2.4194374382761605,65,45279
own,A,revenue,7,atr3,0.0796663291855023,0.8303617741483615,6.694590647518559,65,45279
own,A,revenue,7,atr7,0.08173632424667072,0.8390308060037528,6.764482616764932,65,45279
own,A,revenue,7,obv3,0.014089622391051302,0.18274220701264351,1.4733147744288626,65,45279
own,A,revenue,7,obv7,0.03328662684942618,0.38111551234102065,3.072651492368165,65,45279
own,A,revenue,7,obv31,0.014325632056473652,0.18836720362880652,1.518664946981676,65,45279
own,A,revenue,7,corr3,-0.020555863377453184,-0.27680873139703155,-2.2317033395024097,65,45279
own,A,revenue,7,corr7,-0.019445626282717805,-0.2669670967363044,-2.152357544203039,65,45279
own,A,revenue,7,corr31,-0.03264630094816041,-0.4811878250458317,-3.8794602708626833,65,45279
own,A,revenue,7,curvature,-0.006893416973221753,-0.08184596428155239,-0.659863259695912,65,45279
own,A,revenue,7,vma_3_7,0.013012205026156175,0.176801910625562,1.4254225738549249,65,45279
own,A,revenue,7,factor,0.012784173938238146,0.21934621730570478,1.7684257400328958,65,45279
own,A,revenue,7,overnight3,0.002125341066830022,0.03542703573788424,0.28562189337700683,65,45279
own,A,revenue,7,overnight7,-0.016065445668558567,-0.20508967464038494,-1.653485818465472,65,45279
own,A,revenue,7,overnight31,-0.02556750136451328,-0.26973973466905166,-2.1747112658595564,65,45279
own,A,revenue,7,alpha15_wq,0.013513911007681602,0.15518589391390017,1.2414871513112014,64,45279
own,A,revenue,7,alpha128_gtja,-0.013779608358468011,-0.16945203786981153,-1.3661660052808673,65,45279
own,A,revenue,7,alpha101_gtja,0.03638345705682882,0.39714126848994535,3.201855269052176,65,45279
own,A,revenue,7,aplha22_3_7,0.006832318050369672,0.1075513231818115,0.8671064886623212,65,45279
own,A,revenue,7,aplha22_7_31,-0.0008861000153502917,-0.013394008705259195,-0.10798595046475418,65,45279
own,A,ocf,1,ma3,-0.008143955389681374,-0.09146300934658022,-0.7652344382679621,70,57835
own,A,ocf,1,ma7,-0.022082706693145215,-0.24815357630973386,-2.0762017773982766,70,57835
own,A,ocf,1,ma31,-0.028874681854232087,-0.2847606103306529,-2.382478197951036,70,57835
own,A,ocf,1,rsi3,0.0074833013863350685,0.09298855975513523,0.7779981087209691,70,57835
own,A,ocf,1,rsi31,0.0218662900912323,0.2109547662432364,1.7649742032255584,70,57835
own,A,ocf,1,atr3,-0.03733881535934397,-0.4026423982098655,-3.368747995700099,70,57835
own,A,ocf,1,atr7,-0.04725739169506109,-0.482655767117481,-4.038187869233362,70,57835
own,A,ocf,1,obv3,0.011335665504503517,0.13157501260628188,1.1008355353839312,70,57835
own,A,ocf,1,obv7,0.025290669258647338,0.3056635091481697,2.557364396744063,70,57835
own,A,ocf,1,obv31,0.008342630424928957,0.09236881833137187,0.7728129799604679,70,57835
own,A,ocf,1,corr3,-0.006720737020961205,-0.07672653959838276,-0.6419402865625072,70,57835
own,A,ocf,1,corr7,-0.03317405176386752,-0.47010160672293916,-3.933152227545258,70,57835
own,A,ocf,1,corr31,-0.04881069983997799,-0.6182058810357377,-5.172281488308819,70,57835
own,A,ocf,1,curvature,-0.0034888663846689596,-0.04136349329236965,-0.34607181395536046,70,57835
own,A,ocf,1,vma_3_7,0.010930317670203442,0.1423514337563068,1.1909975434371531,70,57835
own,A,ocf,1,factor,0.019357176878148696,0.2665297139350684,2.229947575330339,70,57835
own,A,ocf,1,overnight3,0.002400368550765594,0.02604724045786505,0.2179268489261682,70,57835
own,A,ocf,1,overnight7,-0.021175129911142513,-0.23508439086948085,-1.9668571270260684,70,57835
own,A,ocf,1,overnight31,-0.028314745845129663,-0.2796811105118846,-2.3399800534195307,70,57835
own,A,ocf,1,alpha15_wq,-0.002013136150940401,-0.024999525887891345,-0.2076616583019964,69,57835
own,A,ocf,1,alpha128_gtja,-0.013754762156933359,-0.16219167599758424,-1.3569929194374502,70,57835
own,A,ocf,1,alpha101_gtja,0.03588525439041205,0.37568293689942667,3.143188959546738,70,57835
own,A,ocf,1,aplha22_3_7,0.00856052563167293,0.10781702318764001,0.9020619348099593,70,57835
own,A,ocf,1,aplha22_7_31,0.004044437034126473,0.06364080603352285,0.5324571846465718,70,57835
own,A,ocf,3,ma3,-0.007059938701961392,-0.07719790760092111,-0.6365902542305404,68,52777
own,A,ocf,3,ma7,-0.02315009469544588,-0.23818496032321737,-1.9641234996923536,68,52777
own,A,ocf,3,ma31,-0.044919405003730165,-0.3889613502861582,-3.2074574630254005,68,52777
own,A,ocf,3,rsi3,0.006219841549850632,0.06984072742772769,0.5759213923089873,68,52777
own,A,ocf,3,rsi31,0.046693757328637064,0.3921765390494029,3.2339705887797146,68,52777
own,A,ocf,3,atr3,-0.04118771215683113,-0.3454269338151923,-2.8484634681065577,68,52777
own,A,ocf,3,atr7,-0.05089813148433427,-0.4212978924040038,-3.4741114204636236,68,52777
own,A,ocf,3,obv3,0.014173332260806857,0.15333226984780346,1.2644102887964073,68,52777
own,A,ocf,3,obv7,0.03229559623061731,0.3751908632984968,3.093903118292758,68,52777
own,A,ocf,3,obv31,0.016762867456156266,0.1581300814123757,1.3039740565014897,68,52777
own,A,ocf,3,corr3,-0.006916429928569286,-0.09041201533901548,-0.74555657813545,68,52777
own,A,ocf,3,corr7,-0.035483744651811096,-0.37522655994806736,-3.094197480406078,68,52777
own,A,ocf,3,corr31,-0.06996340614478172,-0.6702900412556034,-5.527353279792945,68,52777
own,A,ocf,3,curvature,-0.009444053368301427,-0.09789540550214286,-0.8072661942960145,68,52777
own,A,ocf,3,vma_3_7,0.013625804509366282,0.14732590088836417,1.2148805015040083,68,52777
own,A,ocf,3,factor,0.021793526408166758,0.27477389025903226,2.2658435453997314,68,52777
own,A,ocf,3,overnight3,0.001435941410265296,0.015221987939201818,0.12552372821041438,68,52777
own,A,ocf,3,overnight7,-0.020722934395939776,-0.21022652968500696,-1.7335723743966607,68,52777
own,A,ocf,3,overnight31,-0.04370308431124526,-0.3786083587544447,-3.122084507772641,68,52777
own,A,ocf,3,alpha15_wq,-0.0015839996181219141,-0.019831119509737757,-0.16232470904836577,67,52777
own,A,ocf,3,alpha128_gtja,-0.01268381092001017,-0.13638137200766082,-1.1246296043084825,68,52777
own,A,ocf,3,alpha101_gtja,0.057834984188445814,0.5520877490629682,4.5526322079922315,68,52777
own,A,ocf,3,aplha22_3_7,0.013146099952330875,0.15835818491693202,1.3058550461872083,68,52777
own,A,ocf,3,aplha22_7_31,-0.0007353284805137186,-0.010081801352835939,-0.0831366637484752,68,52777
own,A,ocf,7,ma3,-0.002047274873023302,-0.02088169125816757,-0.1683535771437396,65,45279
own,A,ocf,7,ma7,-0.02872147365870689,-0.2536496913278988,-2.044989189261887,65,45279
own,A,ocf,7,ma31,-0.059475644520683935,-0.4710617852879899,-3.7978215283654446,65,45279
own,A,ocf,7,rsi3,0.009558294714095408,0.1071097403843683,0.8635463343321194,65,45279
own,A,ocf,7,rsi31,0.05852705771243059,0.46434090138563494,3.7436360300482674,65,45279
own,A,ocf,7,atr3,-0.04160115034134756,-0.3230485016377375,-2.6045002854050856,65,45279
own,A,ocf,7,atr7,-0.05399199885360456,-0.4354080157583259,-3.5103716487188596,65,45279
own,A,ocf,7,obv3,0.020180331436946593,0.20196569317011911,1.62829947465128,65,45279
own,A,ocf,7,obv7,0.04871049792419614,0.5133727065452928,4.138943081109784,65,45279
own,A,ocf,7,obv31,0.02078995711843766,0.1892668451409896,1.525918088733965,65,45279
own,A,ocf,7,corr3,-0.012522022341276851,-0.16325688668179025,-1.3162190996133616,65,45279
own,A,ocf,7,corr7,-0.0407261118134663,-0.45215900381131024,-3.645422431940689,65,45279
own,A,ocf,7,corr31,-0.08716968730940575,-0.7783578597869398,-6.275321686016331,65,45279
own,A,ocf,7,curvature,-0.026696991049561147,-0.25408431262364206,-2.048493218171069,65,45279
own,A,ocf,7,vma_3_7,0.01961276628885869,0.19611056161299922,1.581093894887583,65,45279
own,A,ocf,7,factor,0.02566305231549039,0.2693261491733873,2.1713768329925527,65,45279
own,A,ocf,7,overnight3,0.006173184962349977,0.05785407464489962,0.46643446157648455,65,45279
own,A,ocf,7,overnight7,-0.026345591474132832,-0.2288291808155555,-1.8448798360670222,65,45279
own,A,ocf,7,overnight31,-0.058291578428402525,-0.4616124983092617,-3.721638941205297,65,45279
own,A,ocf,7,alpha15_wq,-0.006170426006160742,-0.06968821348146262,-0.557505707851701,64,45279
own,A,ocf,7,alpha128_gtja,-0.017788842536053003,-0.1788104052977659,-1.441615575588317,65,45279
own,A,ocf,7,alpha101_gtja,0.07189074240237728,0.6282671602303173,5.065251780568402,65,45279
own,A,ocf,7,aplha22_3_7,0.011241706581013604,0.14002685765211756,1.128932618075683,65,45279
own,A,ocf,7,aplha22_7_31,-0.0018764310349797496,-0.02302013902847378,-0.18559429424922258,65,45279
own,B,ebit,1,ma3,-0.028340560647338187,-0.30107970759038366,-2.519013561414421,70,47617
own,B,ebit,1,ma7,-0.05302900499751115,-0.557977355107959,-4.668373487300383,70,47617
own,B,ebit,1,ma31,-0.08917256160412262,-0.8704617668705948,-7.282805649668502,70,47617
own,B,ebit,1,rsi3,0.030547613655634815,0.3400190336376226,2.84480333705344,70,47617
own,B,ebit,1,rsi31,0.10248494232365661,1.0803071951422507,9.038498465526683,70,47617
own,B,ebit,1,atr3,0.05438540978948277,0.5947796328427765,4.976283433961651,70,47617
own,B,ebit,1,atr7,0.053178538932758215,0.5927518090483065,4.959317442864774,70,47617
own,B,ebit,1,obv3,0.034480049642369795,0.3561118593616525,2.979445577026192,70,47617
own,B,ebit,1,obv7,0.05960727953056881,0.7084106348052912,5.926988605132163,70,47617
own,B,ebit,1,obv31,0.05161739244106855,0.5561753851306878,4.653297124810409,70,47617
own,B,ebit,1,corr3,0.005173437814289747,0.07102119553836883,0.5942059534361344,70,47617
own,B,ebit,1,corr7,-0.012122421208637574,-0.16240486432665122,-1.3587765809679893,70,47617
own,B,ebit,1,corr31,-0.01913139189149643,-0.23323460759506745,-1.9513807297915382,70,47617
own,B,ebit,1,curvature,-0.002004862176034075,-0.021037918205167237,-0.1760158520375693,70,47617
own,B,ebit,1,vma_3_7,0.02047664264289695,0.2739741020352365,2.2922317947845046,70,47617
own,B,ebit,1,factor,0.04077984299385805,0.48038768127638853,4.019211701633463,70,47617
own,B,ebit,1,overnight3,-0.020031980890984975,-0.2144290286682383,-1.794041968152443,70,47617
own,B,ebit,1,overnight7,-0.050997767796172044,-0.534027656614437,-4.46799593352965,70,47617
own,B,ebit,1,overnight31,-0.08824574997557669,-0.8593838153689873,-7.190120857695721,70,47617
own,B,ebit,1,alpha15_wq,-0.020437614211728013,-0.18975230867325665,-1.5762010552690702,69,47617
own,B,ebit,1,alpha128_gtja,-0.04468708048081538,-0.5059082837629207,-4.232732381168939,70,47617
own,B,ebit,1,alpha101_gtja,0.09413343949080882,0.9859403950567646,8.248969170892096,70,47617
own,B,ebit,1,aplha22_3_7,-0.003972586648517503,-0.052055235224795826,-0.4355253448441522,70,47617
own,B,ebit,1,aplha22_7_31,-0.0010019823346864149,-0.014131125507921598,-0.11822947842414036,70,47617
own,B,ebit,3,ma3,-0.030751922600977314,-0.32765203345843075,-2.701887884795043,68,43528
own,B,ebit,3,ma7,-0.04700782912008412,-0.5175035989639725,-4.267444000331481,68,43528
own,B,ebit,3,ma31,-0.08711305964223862,-0.8664577858450538,-7.144993942355927,68,43528
own,B,ebit,3,rsi3,0.028265456661853282,0.3135777638298053,2.585828484230553,68,43528
own,B,ebit,3,rsi31,0.09257253472217157,1.0052585981632796,8.289574762575082,68,43528
own,B,ebit,3,atr3,0.03278243895144372,0.3068447586434411,2.5303067011081306,68,43528
own,B,ebit,3,atr7,0.03801107904033245,0.3862209019583551,3.184859147191242,68,43528
own,B,ebit,3,obv3,0.02777706907361783,0.32110018108162636,2.6478599260090063,68,43528
own,B,ebit,3,obv7,0.0589430639845551,0.6634596032429035,5.471028045001753,68,43528
own,B,ebit,3,obv31,0.0376406112052384,0.40264710985680857,3.3203131275785998,68,43528
own,B,ebit,3,corr3,0.00030432595428198995,0.004302276810117304,0.035477483437518116,68,43528
own,B,ebit,3,corr7,-0.01287621592874626,-0.1595977320927495,-1.3160766140548714,68,43528
own,B,ebit,3,corr31,-0.035098068897879385,-0.4395108887670491,-3.624299635991276,68,43528
own,B,ebit,3,curvature,0.012015474829081888,0.12310386546145498,1.0151404804388093,68,43528
own,B,ebit,3,vma_3_7,0.010901877496339451,0.1193086420250357,0.9838442662364566,68,43528
own,B,ebit,3,factor,0.03605882421178964,0.45733848188661264,3.771309734956266,68,43528
own,B,ebit,3,overnight3,-0.021809708253246598,-0.24698887186152577,-2.036722414074433,68,43528
own,B,ebit,3,overnight7,-0.04461806372805059,-0.4919386034997735,-4.056629647096823,68,43528
own,B,ebit,3,overnight31,-0.08625018933334522,-0.8530433453964507,-7.034375632599629,68,43528
own,B,ebit,3,alpha15_wq,-0.01826222159325937,-0.18920515408323121,-1.5487109324277306,67,43528
own,B,ebit,3,alpha128_gtja,-0.033609655415608675,-0.40020264328592237,-3.300155539838489,68,43528
own,B,ebit,3,alpha101_gtja,0.09333436155218716,0.9819711749541813,8.097541751295937,68,43528
own,B,ebit,3,aplha22_3_7,-0.0029403387107911133,-0.040470138383143055,-0.3337253104741247,68,43528
own,B,ebit,3,aplha22_7_31,-0.004902933871443358,-0.06944985625607858,-0.5726981860555509,68,43528
own,B,ebit,7,ma3,-0.028809116848579085,-0.2666614292501795,-2.149893174144625,65,37832
own,B,ebit,7,ma7,-0.04100910797842852,-0.40471441165426414,-3.2629119012076795,65,37832
own,B,ebit,7,ma31,-0.0928855912497683,-0.8412377173508291,-6.782275304872707,65,37832
own,B,ebit,7,rsi3,0.019969566608209338,0.22517845034774128,1.8154467060659374,65,37832
own,B,ebit,7,rsi31,0.09931039736340605,0.9556588691325476,7.7047681223941105,65,37832
own,B,ebit,7,atr3,0.04141837540756882,0.41640514502900317,3.3571656069414617,65,37832
own,B,ebit,7,atr7,0.04502380378806107,0.47284806504088206,3.8122229761438278,65,37832
own,B,ebit,7,obv3,0.019119697231747147,0.2019820921509094,1.6284316874612208,65,37832
own,B,ebit,7,obv7,0.05720339065550893,0.5584583815783658,4.502435413982448,65,37832
own,B,ebit,7,obv31,0.04695989945299219,0.45446461204476407,3.6640108397853934,65,37832
own,B,ebit,7,corr3,-0.008642582312123621,-0.1037309344767878,-0.8363055302237316,65,37832
own,B,ebit,7,corr7,-0.017606901251066256,-0.215073016438584,-1.733974093231915,65,37832
own,B,ebit,7,corr31,-0.0408786727825416,-0.4606765484202139,-3.714093071960301,65,37832
own,B,ebit,7,curvature,0.0029794596150674885,0.0301388912474043,0.24298750948451264,65,37832
own,B,ebit,7,vma_3_7,0.010461361543248993,0.10813973489026361,0.8718504155179788,65,37832
own,B,ebit,7,factor,0.029538643570320534,0.37850961438918945,3.0516420714147383,65,37832
own,B,ebit,7,overnight3,-0.022650499496326363,-0.24728861638467659,-1.9937045635133863,65,37832
own,B,ebit,7,overnight7,-0.03857016256001287,-0.3895862466473384,-3.1409447356630533,65,37832
own,B,ebit,7,overnight31,-0.09199383427120819,-0.8337768474611694,-6.722123848795751,65,37832
own,B,ebit,7,alpha15_wq,-0.0013208022727002515,-0.014870967528503386,-0.11896774022802709,64,37832
own,B,ebit,7,alpha128_gtja,-0.029559686287107572,-0.3198435226414186,-2.5786609186588794,65,37832
own,B,ebit,7,alpha101_gtja,0.09707119251308911,0.9834015169134351,7.9284364994238885,65,37832
own,B,ebit,7,aplha22_3_7,-0.0021525850239578264,-0.027021886444571194,-0.21785741336138764,65,37832
own,B,ebit,7,aplha22_7_31,-0.005666959811251562,-0.07876757091056188,-0.6350444588883329,65,37832
own,B,revenue,1,ma3,-0.023995686381658707,-0.25481410691414363,-2.1319277745204417,70,57924
own,B,revenue,1,ma7,-0.041278936049126684,-0.4293794905111157,-3.592446559242179,70,57924
own,B,revenue,1,ma31,-0.057117188179661126,-0.5238570548783376,-4.382902574345725,70,57924
own,B,revenue,1,rsi3,0.029194611218328857,0.3497011939774021,2.9258101023213117,70,57924
own,B,revenue,1,rsi31,0.07176995213003508,0.6532257846379003,5.46527902307888,70,57924
own,B,revenue,1,atr3,0.0659949202090665,0.650495962000102,5.442439688273144,70,57924
own,B,revenue,1,atr7,0.06508484309803916,0.637223104359989,5.331390994019544,70,57924
own,B,revenue,1,obv3,0.03420955944656324,0.36362430189821315,3.042299180745937,70,57924
own,B,revenue,1,obv7,0.03874733365838172,0.43034284806630796,3.6005065868190687,70,57924
own,B,revenue,1,obv31,0.04085905661297843,0.42212568087589186,3.5317568336233838,70,57924
own,B,revenue,1,corr3,0.00044406989072830053,0.007099391468293583,0.05939777054238299,70,57924
own,B,revenue,1,corr7,-0.008641546765245376,-0.13118754072102687,-1.0975937130059445,70,57924
own,B,revenue,1,corr31,-0.030143338096940635,-0.4292094156969253,-3.5910236112566456,70,57924
own,B,revenue,1,curvature,-0.013470502519716711,-0.1469300952009512,-1.229305373494821,70,57924
own,B,revenue,1,vma_3_7,0.009840174758739153,0.15259434659112006,1.2766959006787644,70,57924
own,B,revenue,1,factor,0.02892046883791819,0.4343501236483388,3.6340338597669817,70,57924
own,B,revenue,1,overnight3,-0.018411829980410865,-0.2083821068343802,-1.743449790332791,70,57924
own,B,revenue,1,overnight7,-0.03916380988947389,-0.41587843375883454,-3.479488614236163,70,57924
own,B,revenue,1,overnight31,-0.055973065970166325,-0.5123672939976296,-4.286772337912494,70,57924
own,B,revenue,1,alpha15_wq,-0.01937188928005949,-0.21729861978625595,-1.8050179004956755,69,57924
own,B,revenue,1,alpha128_gtja,-0.035383423169310736,-0.40091158795304327,-3.3542669981461155,70,57924
own,B,revenue,1,alpha101_gtja,0.06691232509019902,0.6749253980062229,5.646831014044079,70,57924
own,B,revenue,1,aplha22_3_7,-0.003124884656829535,-0.0455679756651698,-0.3812490372912507,70,57924
own,B,revenue,1,aplha22_7_31,-0.006946016811462629,-0.10506557873562265,-0.8790416989276406,70,57924
own,B,revenue,3,ma3,-0.020619134642635345,-0.2202958348440196,-1.8166059918910324,68,52858
own,B,revenue,3,ma7,-0.03462636577866451,-0.3466161256325299,-2.8582697950505636,68,52858
own,B,revenue,3,ma31,-0.05871930046436866,-0.5783851687169801,-4.769486285821601,68,52858
own,B,revenue,3,rsi3,0.02729611553434342,0.30110530603775204,2.4829779624551653,68,52858
own,B,revenue,3,rsi31,0.07422843527020927,0.7854513988870441,6.476998162800865,68,52858
own,B,revenue,3,atr3,0.0709319767662848,0.6901738934716598,5.691319725654888,68,52858
own,B,revenue,3,atr7,0.07470028849017418,0.7242770032127327,5.972541172903838,68,52858
own,B,revenue,3,obv3,0.027893396468722756,0.2911222560271896,2.4006556231364207,68,52858
own,B,revenue,3,obv7,0.03680512978640194,0.3731892036175271,3.0773970097104013,68,52858
own,B,revenue,3,obv31,0.04292873394954474,0.46375699755205424,3.8242381710528615,68,52858
own,B,revenue,3,corr3,0.003142944915033246,0.05242742833088195,0.4323276493754522,68,52858
own,B,revenue,3,corr7,-0.01092969504948686,-0.13807197061261445,-1.1385706375459739,68,52858
own,B,revenue,3,corr31,-0.03189742114179324,-0.4319037558409735,-3.561569610866629,68,52858
own,B,revenue,3,curvature,0.0020113767586479193,0.022159769344862596,0.18273413929638552,68,52858
own,B,revenue,3,vma_3_7,0.006970747240221611,0.08977284343947059,0.7402858316259494,68,52858
own,B,revenue,3,factor,0.03338826514984493,0.520528880222531,4.292391108683957,68,52858
own,B,revenue,3,overnight3,-0.011950205309699641,-0.1376090632409633,-1.1347534055695845,68,52858
own,B,revenue,3,overnight7,-0.031717504468794594,-0.3195681705273199,-2.635226643339073,68,52858
own,B,revenue,3,overnight31,-0.057860129646489046,-0.5671767885249271,-4.67705961497377,68,52858
own,B,revenue,3,alpha15_wq,-0.020501194810528395,-0.2272322743280487,-1.8599763265299745,67,52858
own,B,revenue,3,alpha128_gtja,-0.029138374209763798,-0.29779910316170877,-2.455714315099871,68,52858
own,B,revenue,3,alpha101_gtja,0.0671457082860906,0.7211542542237336,5.94679032505597,68,52858
own,B,revenue,3,aplha22_3_7,-0.00034534884299505873,-0.005187616942883771,-0.04277818520150713,68,52858
own,B,revenue,3,aplha22_7_31,-0.00782556790953325,-0.10191892400232686,-0.8404449778217854,68,52858
own,B,revenue,7,ma3,-0.02813834988996183,-0.2874442937780948,-2.3174499847166494,65,45358
own,B,revenue,7,ma7,-0.03747131639162418,-0.3642506259803311,-2.936682431632521,65,45358
own,B,revenue,7,ma31,-0.06547186898629893,-0.5964554466378341,-4.8087775461707505,65,45358
own,B,revenue,7,rsi3,0.028466267942494617,0.31473495119649164,2.53747429894428,65,45358
own,B,revenue,7,rsi31,0.0778497798157194,0.7362421625178438,5.935774079383566,65,45358
own,B,revenue,7,atr3,0.08182051522857658,0.8218414045895204,6.625897232024424,65,45358
own,B,revenue,7,atr7,0.08731666569550564,0.8441031810460147,6.805377411751685,65,45358
own,B,revenue,7,obv3,0.02865804268427194,0.2915681823434596,2.3506978372558813,65,45358
own,B,revenue,7,obv7,0.037738791592680565,0.3613609671078605,2.9133852569980054,65,45358
own,B,revenue,7,obv31,0.048138577541408774,0.5282094121374017,4.258560425728989,65,45358
own,B,revenue,7,corr3,-0.002523778534343365,-0.03822130140749988,-0.30814998342267014,65,45358
own,B,revenue,7,corr7,-0.014473726741580746,-0.174912247216298,-1.41018762039191,65,45358
own,B,revenue,7,corr31,-0.03645332885352912,-0.4585466991373907,-3.696921678077152,65,45358
own,B,revenue,7,curvature,0.002115351310001404,0.021374143611448567,0.17232385494464714,65,45358
own,B,revenue,7,vma_3_7,0.004108585493447751,0.04993780170163948,0.4026114287020393,65,45358
own,B,revenue,7,factor,0.03661785575440448,0.5649309770906292,4.5546191473027955,65,45358
own,B,revenue,7,overnight3,-0.01708971480242115,-0.18668106079495367,-1.5050708288547079,65,45358
own,B,revenue,7,overnight7,-0.033759162258811246,-0.33155722584483804,-2.6730998130719175,65,45358
own,B,revenue,7,overnight31,-0.06471514147848635,-0.5871306829400723,-4.733598897797417,65,45358
own,B,revenue,7,alpha15_wq,-0.012911731499056472,-0.14253663008196024,-1.140293040655682,64,45358
own,B,revenue,7,alpha128_gtja,-0.029752667939004065,-0.28432892550558997,-2.2923330827228434,65,45358
own,B,revenue,7,alpha101_gtja,0.07051244492891079,0.6880672380460505,5.547375421287152,65,45358
own,B,revenue,7,aplha22_3_7,0.0003070349693051789,0.004071301316300749,0.03282388058300379,65,45358
own,B,revenue,7,aplha22_7_31,-0.009505974522086139,-0.12172743497046533,-0.981397955771142,65,45358
own,B,ocf,1,ma3,-0.005496098150929027,-0.06199815748094324,-0.5149953743881559,69,40585
own,B,ocf,1,ma7,-0.030482937350548488,-0.30801196519386814,-2.558539540143677,69,40585
own,B,ocf,1,ma31,-0.03833211836905106,-0.47267779027745777,-3.926356612190116,69,40585
own,B,ocf,1,rsi3,0.011704273318422607,0.13724208044414044,1.1400183404138189,69,40585
own,B,ocf,1,rsi31,0.033935916032598004,0.4547576361554205,3.7775006323328317,69,40585
own,B,ocf,1,atr3,-0.0029287975340129566,-0.028743831361334897,-0.23876419549775738,69,40585
own,B,ocf,1,atr7,-0.006866812579827413,-0.07380701847081457,-0.6130871408805034,69,40585
own,B,ocf,1,obv3,0.017396162113160352,0.20330286996976316,1.688760471090565,69,40585
own,B,ocf,1,obv7,0.04270940711373751,0.5121661949827101,4.254371937023332,69,40585
own,B,ocf,1,obv31,0.017074582896653586,0.1822609263278127,1.5139729599121623,69,40585
own,B,ocf,1,corr3,0.009539872426923678,0.13059122829677403,1.0847722132577653,69,40585
own,B,ocf,1,corr7,-0.019946452109354872,-0.2626216669501719,-2.1814994056076213,69,40585
own,B,ocf,1,corr31,-0.03135911541330447,-0.35773162466648,-2.971542049975035,69,40585
own,B,ocf,1,curvature,0.004743556123709527,0.049810067289585855,0.41375349356122887,69,40585
own,B,ocf,1,vma_3_7,0.01163031461960115,0.14136934125576073,1.1743019435601108,69,40585
own,B,ocf,1,factor,0.011487035955460747,0.13277706541202383,1.1029291399997514,69,40585
own,B,ocf,1,overnight3,0.0020103388200722523,0.02223165381044939,0.18466998605401244,69,40585
own,B,ocf,1,overnight7,-0.030117874534189702,-0.3010632009450503,-2.500818769216654,69,40585
own,B,ocf,1,overnight31,-0.03825330149554161,-0.46838792710341465,-3.890722332379956,69,40585
own,B,ocf,1,alpha15_wq,0.013442457360478367,0.11308997203026334,0.9325637997578454,68,40585
own,B,ocf,1,alpha128_gtja,-0.03031532966321353,-0.31417239291060045,-2.609711896021267,69,40585
own,B,ocf,1,alpha101_gtja,0.04098752697369136,0.513970255801842,4.269357591673688,69,40585
own,B,ocf,1,aplha22_3_7,0.002301081707230607,0.03251295001380971,0.27007284643857427,69,40585
own,B,ocf,1,aplha22_7_31,-0.008900792871406658,-0.12152383536613764,-1.0094527907656865,69,40585
own,B,ocf,3,ma3,0.0013831402006226428,0.016491678043382297,0.13499020258522731,67,37376
own,B,ocf,3,ma7,-0.022880099944350814,-0.2507191379848163,-2.0522245910654875,67,37376
own,B,ocf,3,ma31,-0.049410496431335514,-0.5251105141634241,-4.298214802646951,67,37376
own,B,ocf,3,rsi3,0.010908244325630628,0.13945354179170222,1.1414764348521405,67,37376
own,B,ocf,3,rsi31,0.05595074524947947,0.6882179946529744,5.633307070185223,67,37376
own,B,ocf,3,atr3,0.008987830198328148,0.09804628702025192,0.802543447233021,67,37376
own,B,ocf,3,atr7,0.0041637650382229455,0.04299994279563769,0.35196970095262975,67,37376
own,B,ocf,3,obv3,0.011597317821003221,0.13673256063267872,1.1192042441799146,67,37376
own,B,ocf,3,obv7,0.03729602727323735,0.4414542180774141,3.6134585075947467,67,37376
own,B,ocf,3,obv31,0.024112495065226548,0.3066091070937231,2.509703704630943,67,37376
own,B,ocf,3,corr3,-0.0012556550508291083,-0.014648845650738427,-0.11990596935200347,67,37376
own,B,ocf,3,corr7,-0.026230528633431498,-0.36382762917926054,-2.9780574929862422,67,37376
own,B,ocf,3,corr31,-0.03714001640863491,-0.47514122473533393,-3.889198540918237,67,37376
own,B,ocf,3,curvature,-0.010319929075290533,-0.12551082309678696,-1.0273503637352779,67,37376
own,B,ocf,3,vma_3_7,0.018639603921811857,0.2551189148470145,2.088238316800102,67,37376
own,B,ocf,3,factor,0.01686391157233658,0.21981279057769748,1.7992452346481744,67,37376
own,B,ocf,3,overnight3,0.003211341775205162,0.036306237549540314,0.29717936216238944,67,37376
own,B,ocf,3,overnight7,-0.020837953453556272,-0.22763378232534404,-1.863262811128565,67,37376
own,B,ocf,3,overnight31,-0.048279427353900214,-0.5171003359511376,-4.23264866821382,67,37376
own,B,ocf,3,alpha15_wq,-0.000649647911581654,-0.00630604043265687,-0.051230514656091575,66,37376
own,B,ocf,3,alpha128_gtja,-0.018288373775664744,-0.22697319199642976,-1.8578556462487141,67,37376
own,B,ocf,3,alpha101_gtja,0.0544860004446569,0.6731185402268705,5.509712709044752,67,37376
own,B,ocf,3,aplha22_3_7,0.013874157916290082,0.18344730705645476,1.5015809233070885,67,37376
own,B,ocf,3,aplha22_7_31,0.0019018851328254885,0.030127701233491587,0.2466058628017054,67,37376
own,B,ocf,7,ma3,-0.002918069078365934,-0.033718500641334775,-0.2697480051306782,64,31627
own,B,ocf,7,ma7,-0.03821604996762406,-0.38954919036987673,-3.116393522959014,64,31627
own,B,ocf,7,ma31,-0.061056547355719706,-0.6404874387421495,-5.123899509937196,64,31627
own,B,ocf,7,rsi3,0.017486152051916806,0.24108852705785935,1.9287082164628748,64,31627
own,B,ocf,7,rsi31,0.06576708288025016,0.770307664974832,6.162461319798656,64,31627
own,B,ocf,7,atr3,0.015811326394616458,0.14963657145996492,1.1970925716797194,64,31627
own,B,ocf,7,atr7,0.0028914702033088547,0.025043513075787387,0.2003481046062991,64,31627
own,B,ocf,7,obv3,0.01817437542259754,0.21201008764263538,1.696080701141083,64,31627
own,B,ocf,7,obv7,0.054528468546771215,0.5402021527037179,4.321617221629743,64,31627
own,B,ocf,7,obv31,0.026080537145938235,0.29888082640532004,2.3910466112425603,64,31627
own,B,ocf,7,corr3,-0.0023895588778453905,-0.02705446666293117,-0.21643573330344937,64,31627
own,B,ocf,7,corr7,-0.025931410738545803,-0.3563394754636492,-2.8507158037091935,64,31627
own,B,ocf,7,corr31,-0.04477104724625657,-0.5569332886729161,-4.455466309383329,64,31627
own,B,ocf,7,curvature,-0.0070884145434803505,-0.07640801588306419,-0.6112641270645135,64,31627
own,B,ocf,7,vma_3_7,0.027865035302937814,0.3811329912524456,3.0490639300195648,64,31627
own,B,ocf,7,factor,0.023348763102856957,0.29445802425881307,2.3556641940705045,64,31627
own,B,ocf,7,overnight3,-0.0006820802107493223,-0.007959668379004243,-0.06367734703203394,64,31627
own,B,ocf,7,overnight7,-0.03628454605008412,-0.3821701623077955,-3.057361298462364,64,31627
own,B,ocf,7,overnight31,-0.06036673961550358,-0.635995616803632,-5.087964934429056,64,31627
own,B,ocf,7,alpha15_wq,-0.003202853367498438,-0.026205187082702138,-0.2079972242422562,63,31627
own,B,ocf,7,alpha128_gtja,-0.03244621239458847,-0.3608691704932018,-2.886953363945614,64,31627
own,B,ocf,7,alpha101_gtja,0.06537590147497901,0.77374743976368,6.18997951810944,64,31627
own,B,ocf,7,aplha22_3_7,0.013722446855485553,0.16587972137848184,1.3270377710278547,64,31627
own,B,ocf,7,aplha22_7_31,-0.006930811730275582,-0.10522703682159822,-0.8418162945727857,64,31627
