scope,group,field,h,mean_abs_ic,best_factor,best_ic,best_icir,best_t,best_ndates,n_obs
common,A,ebit,1,0.07034913498413764,hi889,-0.2944888791151217,-2.2205782503742006,-18.5786905787907,70,47592
common,A,ebit,3,0.07983443758092644,hi889,-0.3344924138515057,-2.6582994480844286,-21.920898817946462,68,43503
common,A,ebit,7,0.07926957364682327,hi889,-0.33398258277262055,-2.714749280301762,-21.88700841980079,65,37810
common,A,ocf,1,0.034529788372365484,hi889,-0.14083719818860013,-1.5560616163302592,-12.925618554379803,69,40545
common,A,ocf,3,0.042952016076381834,hi889,-0.18072485557204032,-1.674152188103631,-13.703526253430383,67,37339
common,A,ocf,7,0.05201657272412556,hi889,-0.208963558578317,-1.576674443623061,-12.613395548984489,64,31595
common,A,revenue,1,0.028460618300356972,lo889,-0.13473107204072202,-1.485110083839465,-12.425322421511499,70,57792
common,A,revenue,3,0.03297543911169979,lo889,-0.14769902399830126,-1.6250997153101612,-13.400915556769966,68,52735
common,A,revenue,7,0.03729091111829107,lo889,-0.16596974256979033,-1.832421260666313,-14.773452506953978,65,45248
common,B,ebit,1,0.059601747340131586,mom127,0.18839017697435,2.04573751783503,17.1158680595361,70,47592
common,B,ebit,3,0.05664318195495897,hi889,-0.18841875628672228,-2.5630116292271543,-21.13513533397993,68,43503
common,B,ebit,7,0.0562890510428768,mom127,0.19083818918511572,1.9847898691322496,16.001887501155945,65,37810
common,B,ocf,1,0.0248721964598551,hi889,-0.08288601387261314,-1.1120218436014828,-9.23714718214623,69,40545
common,B,ocf,3,0.02904847852952752,hi889,-0.09655015564803758,-1.0978263314509527,-8.98609580517662,67,37339
common,B,ocf,7,0.03605218273031142,hi889,-0.11067725858997031,-1.1089854524553402,-8.871883619642722,64,31595
common,B,revenue,1,0.05280179448629015,mom381,0.18775823471590838,2.176974157367087,18.213872562667436,70,57792
common,B,revenue,3,0.050404937872772504,mom381,0.17441456129114397,2.1669754957768568,17.869337714426354,68,52735
common,B,revenue,7,0.05415899587733488,mom381,0.18114179336066705,2.160903109507905,17.421757837952537,65,45248
own,A,ebit,1,0.06294023115216252,hi889,-0.28759139401130895,-2.4565172958394146,-20.5526982591842,70,57835
own,A,ebit,3,0.07192364721481412,hi889,-0.3208191938952301,-2.926485700197904,-24.132419307551235,68,52777
own,A,ebit,7,0.07108918013637226,hi889,-0.31735342878540945,-2.9463976932734823,-23.754617632163104,65,45279
own,A,ocf,1,0.026607039799664223,hi889,-0.11392335345653848,-1.2760272724193655,-10.676010116005903,70,57835
own,A,ocf,3,0.03675040452167982,hi889,-0.15987016596503234,-1.446215938960499,-11.92580214757192,68,52777
own,A,ocf,7,0.04578990170814116,hi889,-0.18736414894174136,-1.4010645493374543,-11.295743518762306,65,45279
own,A,revenue,1,0.028290276667352576,lo889,-0.13430617413153645,-1.478599261127983,-12.370848970486028,70,57835
own,A,revenue,3,0.032798010151290725,lo889,-0.14718418412297915,-1.617711804343568,-13.339993282234124,68,52777
own,A,revenue,7,0.03708831381538034,lo889,-0.16540711947233935,-1.824440505658879,-14.709109603058021,65,45279
own,B,ebit,1,0.05956495925434389,mom127,0.18837059293494338,2.046191259754091,17.11966433679651,70,47617
own,B,ebit,3,0.0564832814311123,hi889,-0.18873405501625767,-2.5620018890718237,-21.12680880335022,68,43528
own,B,ebit,7,0.056212301498281665,mom127,0.19054512251102304,1.9881435362066135,16.028925629511445,65,37832
own,B,ocf,1,0.02508036265187411,hi889,-0.08336402687297591,-1.1221240301849886,-9.321062246288427,69,40585
own,B,ocf,3,0.02893495696398436,hi889,-0.09673239428947804,-1.0942772981165176,-8.957045715335132,67,37376
own,B,ocf,7,0.03607024379586015,hi889,-0.1111498173016521,-1.1102523209348474,-8.882018567478779,64,31627
own,B,revenue,1,0.05299802563356293,mom381,0.18737404640866545,2.173242775536223,18.18265358245124,70,57924
own,B,revenue,3,0.050681378035923146,mom381,0.1742996953136911,2.1512970250537964,17.74004973274769,68,52858
own,B,revenue,7,0.05432653232658957,mom381,0.1811230075521079,2.150343241446417,17.336621459852793,65,45358
