factor,mean_icir,icir_1,icir_3,icir_7,icir_31,icir_127
alpha15_wq,0.000301504565069749,0.04891466063491804,0.022675108524886096,0.009259669211631544,-0.03821553607700371,-0.04112637946908323
aplha22_3_7,-0.01802613268080002,0.007883785085145811,0.01197142995786024,0.015538943308201974,-0.053623809698687956,-0.07190101205652018
aplha22_7_31,-0.037171793640567385,0.014903525148127561,-0.027461108317600808,-0.0669971978483808,-0.05415333376850135,-0.05215085341648153
curvature,-0.08386938542984942,-0.1495211691608477,-0.07903635191292127,-0.09561160663341954,-0.050455435538817636,-0.044722363903240955
corr7,-0.17537502142765488,-0.15928203381017664,-0.1341660659782166,-0.13205245804868201,-0.21951059940961232,-0.2318639498915867
vma_3_7,-0.17809172084832697,-0.23746103364584012,-0.26751682386152187,-0.20306614982748558,-0.09612045289066613,-0.08629414401612111
corr3,-0.2057494724410541,-0.20875540876579213,-0.23371758808059945,-0.19915849136950853,-0.19805879942010862,-0.18905707456926174
rsi31,-0.2435172389529506,-0.16567226918181463,-0.21720992889055796,-0.24731084854379884,-0.3001066248076857,-0.28728652334089594
corr31,-0.2470066734541983,-0.0958689448409044,-0.12050649554264255,-0.17686861899128942,-0.39844316438186045,-0.4433461435142947
obv3,-0.3112339115768586,-0.26058828580850174,-0.34215192267215067,-0.3309348442633536,-0.32346298691825653,-0.2990315182220304
factor,0.33891430294849634,0.22340181407465595,0.27413036411527075,0.3272713074584392,0.408184266407192,0.4615837626869239
obv7,-0.3518918516362611,-0.27955755358227813,-0.317157184977508,-0.30976449081148116,-0.42722804586407354,-0.42575198294596445
alpha128_gtja,0.35701484855147125,0.2979107740491496,0.3568073150164907,0.3320416629200652,0.4012417692341103,0.3970727215375406
atr7,-0.3683350198075145,-0.16107649956723105,-0.2153508573173347,-0.2640684396399742,-0.4257252331908943,-0.7754540693221383
alpha101_gtja,-0.38820645543278226,-0.24274070281691457,-0.2982635722849506,-0.33728464070453157,-0.5020468761927381,-0.5606964851647763
ma31,-0.3905477441901824,-0.1296196370871609,-0.17780939555302566,-0.24068760538922807,-0.48831984335915846,-0.9163022395623388
overnight31,-0.3922357416087469,-0.13137022392334874,-0.17823200716165669,-0.24131432734688077,-0.4909838570751188,-0.9192782925367299
atr3,-0.3964852777866563,-0.18685236725641832,-0.25577984546977584,-0.30423891947152987,-0.4451856773468137,-0.790369579388744
ma7,-0.412422729010374,-0.15903934116459892,-0.21840752379471526,-0.28806977436008924,-0.4936523093438989,-0.9029446963885679
overnight7,-0.4129684972151984,-0.16122983349297432,-0.22069095214075896,-0.29068703749935665,-0.4975151890406803,-0.8947194739022218
overnight3,-0.44332541876839515,-0.1783521361949044,-0.2489601789078095,-0.3239505038457322,-0.531725825876066,-0.9336384490174638
ma3,-0.4436492450756805,-0.17613462611632016,-0.2473162779195156,-0.322360466849254,-0.5279022697363389,-0.9445325847569735
obv31,-0.511583860913786,,-0.28327773590803806,-0.36795185131750746,-0.6318321396624432,-0.7632737167671552
rsi3,,,,,,
