id,mean_icir,icir_1,icir_3,icir_7,icir_31,icir_127
gtja191_150,-0.558937549445382,-0.3100376512185208,-0.4130002899886277,-0.4968356164435912,-0.6128496562540202,-0.9619645333221498
gtja191_070,-0.5156134739767052,-0.2946396128059175,-0.3775713011853974,-0.4411893169792574,-0.6021021737721666,-0.8625649651407871
gtja191_095,-0.500529682750665,-0.2375343878129994,-0.3170827215494446,-0.3981320038442154,-0.6273773840103716,-0.922521916536294
alpha101_024,0.4881718951323021,0.2630410581458436,0.3577369325794667,0.4207591144764863,0.5749982442261534,0.8243241262335608
gtja191_173,-0.4659708683916561,-0.1876619963393587,-0.2583147027138652,-0.3485249449794364,-0.5493309557096495,-0.9860217422159706
qlib158_rsv60,-0.4264854838424403,-0.2478546023667204,-0.3130003185050518,-0.3765605691039634,-0.5679195605402122,-0.627092368696254
gtja191_164,0.4237093281733567,0.1811187847739253,0.2414448473704137,0.3193449381849958,0.4701266288719605,0.906511441665488
academic_smb,0.4204787791940388,0.1342671128845952,0.1932713819331188,0.2775321754499983,0.5500220936706777,0.9473011320318044
qlib158_ma60,0.4183705917495084,0.2681770542918367,0.3356054091862326,0.3955286925673098,0.5303131954122332,0.5622286072899295
gtja191_153,-0.4167656781381955,-0.1542095106243187,-0.2092230597542107,-0.2838352049395451,-0.5189792775220778,-0.9175813378508256
qlib158_resi30,-0.4165118226261985,-0.2717665493861125,-0.3349923392394491,-0.37998903139253,-0.5307493455007897,-0.5650618476121115
qlib158_min30,0.4110263331052696,0.2702537682464854,0.3292461003407902,0.3602320083959611,0.4916619985616723,0.603737789981439
gtja191_046,0.4012046000202259,0.2924646517778434,0.3534915310752863,0.369731671411501,0.4766303085222581,0.5137048373142407
gtja191_167,-0.3956633016265912,-0.2129603311678883,-0.2673433438299883,-0.3111009571573976,-0.4688705702011725,-0.7180413057765092
gtja191_067,-0.388265974386751,-0.2929899321942063,-0.3457188296231361,-0.387126937673807,-0.478807692269036,-0.4366864801735696
gtja191_187,-0.3875332985391688,-0.1801456709111909,-0.2333260337221441,-0.2872083305976229,-0.4556846605979204,-0.7813017968669658
qlib158_rsv30,-0.3850324449184563,-0.2452708916064689,-0.2939534968497322,-0.334268848465562,-0.496191640918039,-0.5554773467524794
qlib158_min20,0.3835177107802532,0.2726788320796221,0.3224629255182086,0.3353147260325231,0.4468828855109252,0.540249184759987
gtja191_059,-0.3822528561366289,-0.2547820666254201,-0.305286370804625,-0.3454748958871571,-0.4824020251018245,-0.523318922264118
gtja191_055,-0.3782697849452249,-0.2537021191653261,-0.3027837252548562,-0.3641170200206446,-0.4800213066603094,-0.4907247536249882
gtja191_031,-0.3729134839544942,-0.2935897994580176,,-0.3439391541911696,-0.4080321792471321,-0.4460928029216572
gtja191_144,0.3704203543731865,0.1551108471867086,0.2375969700632579,0.3337154152849408,0.4580432128001753,0.6676353265308499
qlib158_roc30,-0.3576231766299975,-0.2566099334556312,-0.3175244369123178,-0.3701619842362205,-0.4531812657400946,-0.3906382628057231
