feature,group,imp_zero,imp_mean,imp_mean_growth,imp_mean_death,imp_mean_cv,rank_zero,rank_mean,rank_in_group,std,mean,frac_zero,cv_data
netAssetValuePerShare,indicator,0.030629072,0.025801107,0.015540269,0.036061946,0.4379627,1,1,1,1453.686393442228,404.66717292965285,0.015903225806451614,3.592301255666549
interestCoverage,indicator,0.019918302,0.014517358,0.009654216,0.019380499,0.6620401,3,2,2,605.3684062090795,35.18006114059221,0.24349193548387096,17.20771330640364
operatingCapitalPerShare,indicator,0.027420906,0.012918597,0.007739181,0.018098013,0.9342873,2,3,3,1246.2618963497487,28.04625426024463,0.030975806451612905,44.435948015927096
dcfPerShare,indicator,0.010468111,0.009265742,0.00512273,0.013408755,1.1670401,4,4,4,554.3982314567476,3.656530071575543,0.12678225806451612,151.618671419189
cashRatio,indicator,0.006485134,0.0026069423,0.0016904018,0.003523483,1.2029986,9,5,5,172.8994325668068,7.929383818305998,0.08057258064516129,21.804901431007103
dividendPerShare,indicator,0.00095935434,0.002160429,0.0012549643,0.0030658937,0.99416333,92,6,6,154.02995552290858,6.065877453589159,0.5458387096774193,25.392856466584927
currentRatio,indicator,0.008162555,0.0020473776,0.001332118,0.0027626373,1.4213125,5,7,7,240.35552003734003,13.14035072940293,0.0764516129032258,18.291408272649885
inventoryTurnover,indicator,0.005675857,0.002035078,0.0012292754,0.0028408803,0.9281973,13,8,8,291.2098646297806,13.108492655262367,0.301258064516129,22.215358568542435
incomeBeforeTaxUnit,indicator,0.0022489028,0.0014970597,0.0008821313,0.0021119881,1.9757496,30,9,9,78.3712202931889,0.1586819329685017,0.029129032258064517,493.88874225682434
quickRatio,indicator,0.004185577,0.0014597699,0.0009050725,0.0020144673,1.137392,16,10,10,175.73898767343044,8.935775546856568,0.0772016129032258,19.666898161428453
debtToEquity,indicator,0.008014001,0.0013788649,0.00088163844,0.0018760914,0.7007554,6,11,11,68.189378241006,2.0377341051308675,0.04086290322580645,33.46333462706277
retainedEarningsUnit,indicator,0.0075793113,0.0013526134,0.0006902264,0.0020150004,0.78686184,8,12,12,133.45806297936326,-0.10411476445130607,0.1422983870967742,1281.8360938663895
operatingIncomeUnit,indicator,0.0015570344,0.0012608244,0.00078524044,0.0017364083,2.4651384,47,13,13,52.970170496788036,-0.0028210642919838714,0.01967741935483871,18776.66192455362
totalLiabilitiesUnit,indicator,0.0062991125,0.0010100122,0.0006432233,0.0013768012,0.6962602,10,14,14,68.189378241006,2.0377341051308675,0.04086290322580645,33.46333462706277
totalInvestmentsUnit,indicator,0.0024925682,0.0008712341,0.0005079481,0.0012345201,2.5628731,28,15,15,71.49287865959201,-0.057724122195347866,0.23987096774193548,1238.52690936399
netDebtUnit,indicator,0.006035459,0.0008673624,0.0005152492,0.0012194756,1.312015,11,16,16,68.62464554077745,0.4192836074319233,0.02807258064516129,163.67118657687084
ebitdaUnit,indicator,0.0016349736,0.00085113244,0.00052065175,0.0011816131,2.1678715,43,17,17,68.62390376001359,0.5910891908307868,0.02454032258064516,116.09737553049368
bottomLineNetIncome,raw,0.0034500156,0.00070184306,0.00047765308,0.000926033,0.77489376,19,18,1,5.295551181017205,0.11191682971689788,0.0,47.316844073991255
grossProfitUnit,indicator,0.0016590679,0.00065332773,0.00042357622,0.00088307925,1.8884401,41,19,18,53.61569715987454,0.5678993859048671,0.0640483870967742,94.4105566769563
incomeBeforeTax,raw,0.0030429233,0.0006520956,0.00044556553,0.0008586257,0.8453425,23,20,2,8.381719291965632,0.15867334465884728,0.0,52.82373866848128
costAndExpensesUnit,indicator,0.0026598417,0.0006135163,0.0003603846,0.00086664804,1.4538223,25,21,19,86.33234609905888,1.5999601526975655,0.019233870967741935,53.95906013874584
netIncomeFromContinuingOperations,raw,0.0030780258,0.00057913066,0.0003968962,0.0007613651,0.7005594,22,22,3,5.372567929561564,0.18913645482764407,0.0,28.405776847351092
totalAssetsUnit,indicator,0.0077770054,0.00054376456,0.00033049448,0.0007570346,0.67577976,7,23,20,70.32335192344378,3.080012296805754,0.05913709677419355,22.83216596126986
longTermInvestmentsUnit,indicator,0.0013841931,0.0005228136,0.0003237227,0.00072190445,3.035475,56,24,21,72.07443884442972,-0.1637718997580008,0.40418548387096775,440.09038760917565
totalLiabilitiesAndTotalEquityUnit,indicator,0.005316429,0.00049969146,0.00029547958,0.0007039034,0.8110152,14,25,22,69.11176884106963,3.1117138795193906,0.03463709677419355,22.210193969286742
netIncome,raw,0.0025178045,0.000469336,0.00032315476,0.0006155172,0.7692317,27,26,4,3.3888485333007616,0.12734090617200605,0.0,26.61241100873472
revenueUnit,indicator,0.0021709283,0.00046310766,0.00028389491,0.00064232043,1.3893591,32,27,23,78.54681213918822,1.4020819598770953,0.07669354838709677,56.02155536329524
totalCurrentLiabilitiesUnit,indicator,0.0040089427,0.0004354501,0.00026289353,0.00060800667,0.75000226,17,28,24,33.17215348226942,1.320838330999374,0.07592741935483871,25.114469124427632
debtRatio,indicator,0.0025267256,0.0004264695,0.00026785277,0.00058508624,2.4349718,26,29,25,96.9075106596447,2.2673865204864443,0.059483870967741936,42.739740129888155
longTermDebtUnit,indicator,0.003178032,0.0004215149,0.00027353925,0.0005694906,1.6156445,21,30,26,55.03080181506694,0.42919075051920424,0.34384677419354837,128.21991561646283
cashAtBeginningOfPeriodUnit,indicator,0.0014848664,0.00040677848,0.00025595014,0.0005576068,2.1698482,51,31,27,62.274473544699454,0.901302186313382,0.1359758064516129,69.0938893639581
propertyPlantEquipmentNetUnit,indicator,0.0038562668,0.00039428173,0.00024953426,0.0005390292,1.154393,18,32,28,30.784669412012338,0.6584339665003982,0.08763709677419355,46.75437625975963
netCashProvidedByFinancingActivitiesUnit,indicator,0.0011766902,0.00039222807,0.00023710023,0.0005473559,2.075732,75,33,29,117.2781742676074,-1.4024911116193026,0.18363709677419354,83.62133156916448
operatingExpensesUnit,indicator,0.001402642,0.00039164256,0.00023284442,0.0005504407,2.0889478,53,34,30,58.51550713527166,0.7112167043252478,0.023725806451612902,82.27521482457976
cashAtEndOfPeriodUnit,indicator,0.0021852576,0.00038409268,0.00020494963,0.0005632357,1.8701955,31,35,31,69.96902495548491,1.0694396558691173,0.12326612903225806,65.42587472928216
totalCurrentLiabilities,raw,0.0016955207,0.00037604978,0.00024674353,0.000505356,0.98601955,38,36,5,9.178250058180426,0.36602091913116036,0.0,25.075752719112774
totalDebtUnit,indicator,0.0033535173,0.00035287012,0.00020873449,0.00049700576,1.2010827,20,37,32,61.158131045266934,0.8221729737040306,0.20508064516129032,74.38596621543597
costOfRevenueUnit,indicator,0.0014952078,0.00033739634,0.00019916982,0.0004756229,1.5996768,49,38,33,73.22590881384433,1.2123379802516008,0.11488709677419355,60.40057311294255
netCashProvidedByOperatingActivitiesUnit,indicator,0.0008842806,0.00033686438,0.00020253613,0.00047119262,2.3227134,101,39,34,79.52217124153799,0.8543334080286298,0.15851612903225806,93.08095702934284
cashAtBeginningOfPeriod,raw,0.0015857539,0.0003279301,0.0002111549,0.00044470528,3.29627,45,40,6,5.839242445682563,0.29206310888929077,0.0,19.9930846037662
inventory,raw,0.0018661573,0.0003184106,0.000219649,0.0004171722,0.772122,36,41,7,8.492942767960095,0.23401688576422147,0.0,36.292008331743546
totalCurrentAssetsUnit,indicator,0.0042566177,0.00031773516,0.00017382314,0.0004616472,1.4047158,15,42,35,56.63638257634275,1.6068082741796081,0.03049193548387097,35.24775387730964
researchAndDevelopmentExpenses,raw,0.0017508422,0.00031753417,0.00021307883,0.0004219895,1.3023185,37,43,8,14.117539734257624,0.5654483561798581,0.01075,24.966983421103347
ebit,raw,0.0016487569,0.00030083247,0.00020804552,0.00039361944,1.1599104,42,44,9,6.97008570913141,0.08025826640103141,0.0,86.84570476786413
costOfRevenue,raw,0.002034166,0.00027908478,0.00019190607,0.0003662635,1.6260073,34,45,10,4.525918558167906,0.28830681137022535,0.0,15.698271354193952
depreciationAndAmortization,raw,0.0013846208,0.0002790441,0.00018917597,0.00036891218,1.0055393,55,46,11,7.4867694039529615,0.2337092767211465,0.0,32.034540985952695
additionalPaidInCapital,raw,0.0019051796,0.0002732303,0.00017709256,0.00036936803,1.6035279,35,47,12,2.6789733462515817,0.2024822730236061,0.0,13.230656226019484
totalStockholdersEquity,raw,0.0013365233,0.00027088184,0.00018417812,0.00035758555,0.67675567,58,48,13,6.72706155281372,0.2249556215448773,0.0,29.903949528293104
accruedExpenses,raw,0.0008030033,0.0002616272,0.00017307459,0.0003501798,3.5565615,109,49,14,9.033524950433353,0.4400086917824055,0.00925,20.53033296642265
cashAndShortTermInvestments,raw,0.0009993771,0.0002515727,0.00017139742,0.00033174796,0.9141168,88,50,15,5.501534041053554,0.232902545067026,0.0,23.621614093769004
operatingIncome,raw,0.0013913419,0.00024296824,0.00016163227,0.0003243042,1.040787,54,51,16,3.3673069633431023,0.11862199062058496,0.0,28.38686946407029
accountPayablesUnit,indicator,0.0014852597,0.00023938884,0.00013131104,0.00034746664,1.4481876,50,52,36,6.740752180668303,0.27130898431255407,0.14818548387096775,24.845296582135887
taxPayables,raw,0.0009184489,0.0002352428,0.00015913589,0.00031134972,1.4695265,98,53,17,3.918419497085166,0.1768671304448612,0.0,22.15459417025251
incomeTaxExpense,raw,0.0011782971,0.00023315972,0.00015924976,0.00030706968,1.0000985,74,54,18,23.52466827450146,0.18806084021066935,0.0,125.09073259496016
shortTermDebtUnit,indicator,0.0015207655,0.00023028877,0.00012679292,0.00033378464,1.2366625,48,55,37,6.447201551194956,0.2956117034870029,0.3302258064516129,21.80969655505067
otherCurrentLiabilities,raw,0.0006934309,0.00021672333,0.00014015293,0.00029329374,1.485391,116,56,19,10.666190705394403,0.37049270734050305,0.0,28.789205547203395
totalPayablesUnit,indicator,0.0013087547,0.00021056765,0.00011589754,0.00030523777,1.3648382,63,57,38,13.694221878443525,0.3710074255455405,0.1308709677419355,36.910910498004775
totalEquity,raw,0.0012422146,0.00020280087,0.00013766433,0.0002679374,0.6374756,71,58,20,7.440414860464426,0.23895307760387013,0.0,31.137556105336312
sellingAndMarketingExpenses,raw,0.0012760776,0.0002009644,0.00013681654,0.00026511223,1.2199285,67,59,21,33.31216818839212,0.1082489001918004,0.0,307.73678188933417
weightedAverageShsOut,raw,0.0027533432,0.00019769101,0.000119042736,0.0002763393,0.75138754,24,60,22,3.481581070912006,0.13214867662335014,0.0,26.345939738835632
stockBasedCompensation,raw,0.0013260698,0.00019669454,0.00013097763,0.00026241146,1.0434254,59,61,23,23.48701906001277,0.05045035047147837,0.02025,465.54719323159884
totalLiabilities,raw,0.0008829951,0.000191978,0.00012581462,0.00025814137,1.0174423,102,62,24,5.230740340437558,0.23761220688517504,0.0,22.013769448062384
netReceivablesUnit,indicator,0.0020658153,0.00019093226,0.00010797632,0.0002738882,1.5111083,33,63,39,9.273695762984897,0.344993319361734,0.17863709677419354,26.88079809810554
inventoryUnit,indicator,0.0015880797,0.00018219807,0.00011334785,0.00025104827,1.3597422,44,64,40,12.257690558390964,0.3549116238929258,0.2764758064516129,34.537303748762206
retainedEarnings,raw,0.0012846183,0.0001821356,0.0001190755,0.0002451957,0.7204356,66,65,25,3.0906022847025,0.1740225761572837,0.0,17.75977779970006
otherReceivables,raw,0.0012429613,0.00017537565,0.00011245983,0.00023829148,1.0269737,70,66,26,5.4320356983868034,0.22575244997668578,0.0,24.061912501608404
accumulatedOtherComprehensiveIncomeLoss,raw,0.0010300743,0.00017421275,0.0001137473,0.0002346782,3.1031253,86,67,27,39.76734908012592,-0.09986926090685383,0.004,398.1940861344511
goodwillAndIntangibleAssets,raw,0.0013056824,0.00017373118,0.00011706182,0.00023040055,0.7000356,65,68,28,10.678777782373016,0.2341101608106727,0.0,45.61432850820789
totalDebt,raw,0.0016617997,0.00017220971,0.000109048124,0.00023537129,0.81632346,40,69,29,5.6873241914860335,0.23598570927322401,0.0,24.1002906869973
netCashProvidedByOperatingActivities,raw,0.0016789464,0.00016775695,0.00010464328,0.00023087063,0.82747936,39,70,30,6.422719539679743,0.18242144786184145,0.0,35.20813815987712
deferredRevenue,raw,0.0011955069,0.00016062996,0.000105522624,0.0002157373,1.3134897,73,71,31,29.705888758595535,0.4549932752949837,0.0,65.28863253917581
totalInvestments,raw,0.0007707097,0.00015997016,9.7533964e-05,0.00022240638,1.3238405,113,72,32,12.541948693277554,0.1779376861896187,0.0,70.48506115698157
interestExpense,raw,0.0013156058,0.00015983767,9.886543e-05,0.00022080992,1.1121377,62,73,33,4.325161547350384,0.20478391394046577,0.0,21.120611790761373
operatingExpenses,raw,0.0015745086,0.00015746336,9.80498e-05,0.00021687694,1.718947,46,74,34,3.404710987562271,0.19953757760040178,0.0,17.063006519822324
grossProfit,raw,0.0008907961,0.00015742355,0.000102123355,0.00021272374,1.2330344,99,75,35,4.359069796476012,0.24569913240512942,0.0,17.741494460268054
accountsReceivablesUnit,indicator,0.0013493376,0.00015487675,9.22681e-05,0.0002174854,1.9252092,57,76,41,6.928808771507686,0.26824708717033013,0.2348951612903226,25.82994971006801
weightedAverageShsOutDil,raw,0.0023783818,0.00015343333,9.1952e-05,0.00021491466,0.6981268,29,77,36,5.780699362457256,0.14951330060230428,0.0,38.66344558732523
netDebt,raw,0.0011665551,0.00014873306,9.45367e-05,0.00020292941,0.9110826,77,78,37,5.782255512369827,0.13194048017208834,0.0,43.82472691310716
cashAtEndOfPeriod,raw,0.00092980464,0.00013967925,8.800348e-05,0.00019135502,3.0811913,96,79,38,5.767377904022697,0.24441656986887517,0.0,23.596509463712664
treasuryStock,raw,0.0006834577,0.0001370788,8.951632e-05,0.00018464126,0.93596613,117,80,39,11.75467010531795,-0.42550840834758646,0.0,27.62500076305954
sellingGeneralAndAdministrativeExpenses,raw,0.0012072148,0.00013489611,8.646123e-05,0.000183331,0.86401904,72,81,40,12.287451423536927,0.3293001510992171,0.0,37.31383475678225
commonStock,raw,0.0013057919,0.00013052384,8.2190105e-05,0.00017885758,0.9549581,64,82,41,19.893571320571745,0.22341794882898636,0.0,89.04195667694583
operatingCashFlow,raw,0.001268187,0.00012504522,7.7967125e-05,0.00017212333,0.81150365,68,83,42,6.426257359956608,0.18261541193384567,0.0,35.190115072266714
revenue,raw,0.0007969204,0.00012245585,7.977034e-05,0.00016514136,1.062004,110,84,43,3.129191063895078,0.23903781071099744,0.0,13.09077862859636
otherAssets,raw,0.00042153287,0.00012233538,7.518431e-05,0.00016948643,1.5531105,127,85,44,8.538716614533342,0.15337106434811446,0.0,55.673582567679716
netDividendsPaid,raw,0.0008454575,0.00012199873,7.963755e-05,0.00016435991,0.97809976,105,86,45,22.5422260469595,-0.35408079212847704,0.0,63.66407483271915
netCashProvidedByInvestingActivities,raw,0.000810327,0.00012158387,8.08314e-05,0.00016233635,1.3200916,106,87,46,15.28844748223335,-0.13046117406567995,0.0,117.18771957716154
commonDividendsPaid,raw,0.0010847173,0.0001206787,7.664685e-05,0.00016471054,0.9187505,82,88,47,8.956758015855524,-0.24516289246333609,0.0,36.53390578738773
netReceivables,raw,0.0009540563,0.00011958918,7.444881e-05,0.00016472954,1.1264582,93,89,48,4.156438525720786,0.2460821950118625,0.0,16.89044802897476
interestIncome,raw,0.00080545474,0.000119444056,6.980936e-05,0.00016907875,1.2213752,107,90,49,11.649216284236948,0.31384800065762586,0.0,37.117382490219725
cashAndCashEquivalents,raw,0.000645795,0.00011724311,7.234408e-05,0.00016214214,1.0785488,120,91,50,5.9148522673281905,0.23815799030296883,0.0,24.835833808384386
totalPayables,raw,0.0010308032,0.00011462913,7.638807e-05,0.0001528702,0.6874007,85,92,51,3.340119238338015,0.21491481299324877,0.0,15.54159618782256
goodwill,raw,0.0013222129,0.00011334318,7.299017e-05,0.00015369618,0.8138832,60,93,52,2.9908710223575996,0.16672282412949027,0.0,17.93918162048833
commonStockIssuance,raw,0.001244274,0.000112650945,6.344166e-05,0.00016186024,1.5067922,69,94,53,14.551609725144056,0.15190788635526342,0.0,95.79232569280013
intangibleAssets,raw,0.0010648462,0.00010899514,6.9005924e-05,0.00014898436,0.8595461,84,95,54,20.69397048167522,0.3211141812273976,0.0,64.44427462690071
netCashProvidedByFinancingActivities,raw,0.0011227084,0.00010795215,6.7822184e-05,0.00014808212,1.2397093,80,96,55,12.094583111829724,-0.17080294262903215,0.0,70.81015657925289
otherCurrentAssets,raw,0.0009928318,0.00010632183,6.548008e-05,0.00014716358,1.5499598,89,97,56,9.512241767186435,0.24360894390532506,0.0,39.0471778854071
generalAndAdministrativeExpenses,raw,0.0014096436,0.00010398368,6.104262e-05,0.00014692474,1.13143,52,98,57,33.20285774660662,0.2781078375308964,0.0,119.38842875220502
purchasesOfInvestments,raw,0.000571326,0.000103855564,6.451904e-05,0.0001431921,1.2285295,123,99,58,9.62613336143958,-0.21221557121869986,0.0,45.36016516655113
prepaids,raw,0.0010139102,0.00010235064,6.230765e-05,0.00014239363,1.5850046,87,100,59,6.864427551690073,0.2204859445939136,0.0,31.133175242992014
ebitda,raw,0.0011691558,0.0001019135,6.2364124e-05,0.00014146288,1.0416365,76,101,60,3.9189804361567666,0.1212099905466686,0.0,32.3321569323573
capitalExpenditure,raw,0.0011537258,0.00010084869,6.3342035e-05,0.00013835535,1.3395431,78,102,61,4.7560719147084995,-0.21140857452201628,0.0,22.497062502971943
costAndExpenses,raw,0.0009518661,9.736199e-05,6.5090055e-05,0.00012963392,0.94326764,94,103,62,12.720048239255982,0.2793217775911396,0.0,45.53904943935148
shortTermDebt,raw,0.0013178745,9.704555e-05,5.8016547e-05,0.00013607455,0.81885827,61,104,63,4.7794457625789075,0.28038787440088914,0.0,17.045836139577034
longTermDebt,raw,0.0011128228,8.994964e-05,5.1174444e-05,0.00012872483,1.4601753,81,105,64,5.23176231671166,0.18292711233881312,0.0,28.60025640700498
netDebtIssuance,raw,0.00067025865,8.957686e-05,6.051289e-05,0.00011864083,1.1857328,119,106,65,6.030714712795668,0.050639405421946,0.0,119.09134126726929
netStockIssuance,raw,0.00093231583,8.899324e-05,5.5487868e-05,0.00012249862,1.0236211,95,107,66,16.873366264105123,-0.13253808665421957,0.0,127.30956580050056
accountsReceivables,raw,0.0011464481,8.837388e-05,5.2215393e-05,0.00012453237,1.0163841,79,108,67,4.749117114809586,0.25221652400619565,0.0,18.82952409047591
totalNonCurrentLiabilities,raw,0.0008039378,8.7590066e-05,5.1510073e-05,0.00012367006,1.1433111,108,109,68,7.432501017047293,0.24181907120790272,0.0,30.73579341732936
propertyPlantEquipmentNet,raw,0.0009720373,8.710512e-05,5.7562414e-05,0.00011664783,0.8234791,90,110,69,12.871248780906333,0.272941814912455,0.0,47.15748220912057
totalCurrentAssets,raw,0.00074697455,8.661041e-05,5.4729637e-05,0.00011849118,0.79387623,114,111,70,6.805099326122362,0.27547039318267824,0.0,24.7035597817761
freeCashFlow,raw,0.0010733707,8.507711e-05,5.584688e-05,0.000114307346,1.0234662,83,112,71,4.2199762597959625,0.062004848206357516,0.0,68.058811234945
deferredTaxLiabilitiesNonCurrent,raw,0.0008843023,8.445149e-05,5.3271724e-05,0.00011563124,0.79838794,100,113,72,9.376039496897459,0.15729456786037324,0.0,59.60815827512076
otherPayables,raw,0.00067922554,8.323118e-05,4.9555616e-05,0.00011690674,0.8696702,118,114,73,4.8664511579870275,0.14023989602584178,0.0,34.70090392148889
totalNonCurrentAssets,raw,0.0008541928,8.270653e-05,4.8720365e-05,0.000116692696,0.9668125,103,115,74,8.312435719801378,0.25285156982178514,0.0,32.87476413781918
totalEquityUnit,indicator,0.005822411,8.219963e-05,5.498245e-05,0.000109416804,2.2849643,12,116,42,5.752295830916491,1.0347325802248406,0.017508064516129032,5.559210119450376
investmentsInPropertyPlantAndEquipment,raw,0.0009184705,8.189599e-05,5.2186493e-05,0.000111605485,1.1669973,97,117,75,4.749633149318519,-0.21058394272152745,0.0,22.55458363972602
accountPayables,raw,0.00079332944,8.128485e-05,5.032206e-05,0.00011224764,0.729883,112,118,76,3.659022115627382,0.23884779955224836,0.0,15.319471740880097
netCommonStockIssuance,raw,0.00079645636,8.07957e-05,5.4307224e-05,0.00010728416,0.9995168,111,119,77,17.194814281613013,-0.13833083092831036,0.0,124.30211086059248
otherNonCurrentAssets,raw,0.0005461738,8.047381e-05,4.973528e-05,0.000111212335,1.4507537,125,120,78,22.34893171085115,0.21225615735310474,0.0,105.29226567296543
netChangeInCash,raw,0.0009651543,7.669242e-05,4.8099224e-05,0.00010528561,0.7123669,91,121,79,4.446886476171974,0.03427119138846697,0.0,129.75581810496075
otherTotalStockholdersEquity,raw,0.00084917946,7.441133e-05,4.5801837e-05,0.00010302082,1.1158061,104,122,80,39.05013114850983,-0.1292814545416109,0.0,302.0551655043375
totalAssets,raw,0.00056982366,6.97134e-05,4.008162e-05,9.934518e-05,0.97388923,124,123,81,5.584942874214219,0.23737640234007368,0.0,23.527793070978927
netInterestIncome,raw,0.0006384134,6.958445e-05,4.194909e-05,9.72198e-05,1.0135729,121,124,82,4.18892728220046,0.1434549476051206,0.0,29.200298435867516
minorityInterest,raw,0.0007273562,6.6680856e-05,4.0387356e-05,9.2974355e-05,0.8846414,115,125,83,7.475233808072393,0.3111352254616105,0.0,24.02567500017995
totalLiabilitiesAndTotalEquity,raw,0.0005901393,6.338583e-05,3.558251e-05,9.1189155e-05,0.9723183,122,126,84,5.733516588063476,0.2362952886530738,0.0,24.264201883674026
longTermNetDebtIssuance,raw,0.000466657,5.0701638e-05,3.1342952e-05,7.006032e-05,1.0105263,126,127,85,5.174165030022581,0.04997687406967669,0.0,103.53118569811589
