feature,group,imp_zero,imp_mean,imp_mean_fcf,imp_mean_dividend,imp_mean_netasset,rank_mean,rank_in_group
dcfPerShare,indicator,0.013117631,0.04528889,0.098238006,0.003442907,0.034185752,1,1
netAssetValuePerShare,indicator,0.038035553,0.0387975,0.06641488,0.0053025386,0.044675082,2,2
operatingCapitalPerShare,indicator,0.021981737,0.019514931,0.028703364,0.0022044487,0.02763698,3,3
interestCoverage,indicator,0.012962895,0.0104085915,0.013716202,0.0014646925,0.01604488,4,4
totalInvestmentsUnit,indicator,0.003937027,0.0049758633,0.007202741,0.00040232722,0.007322522,5,5
currentRatio,indicator,0.009746515,0.004268816,0.006303889,0.0006575422,0.0058450177,6,6
longTermInvestmentsUnit,indicator,0.0017445082,0.0032327976,0.0058185705,0.00026942705,0.0036103958,7,7
incomeBeforeTaxUnit,indicator,0.0013909723,0.0030591611,0.0033594593,0.00032631756,0.005491707,8,8
inventoryTurnover,indicator,0.005667133,0.00302842,0.004418635,0.00038143847,0.004285187,9,9
dividendPerShare,indicator,0.0015556983,0.0030091975,0.004580863,0.0011782362,0.003268494,10,10
cashRatio,indicator,0.005417111,0.0023195555,0.0032927357,0.000276682,0.0033892484,11,11
retainedEarningsUnit,indicator,0.008592277,0.0022912316,0.003359427,0.00032025998,0.0031940083,12,12
totalCurrentAssetsUnit,indicator,0.0066699036,0.0019817795,0.0032845757,0.00033324925,0.0023275134,13,13
costAndExpensesUnit,indicator,0.006322425,0.0018955624,0.003016872,0.00024219933,0.002427616,14,14
accruedExpenses,raw,0.0013686746,0.0015966961,0.0027318806,0.00014297644,0.001915231,15,1
otherPayables,raw,0.00087488565,0.0011639326,0.0012734317,9.2656745e-05,0.0021257093,16,2
netDebtUnit,indicator,0.0032384333,0.000985865,0.0015092206,0.00014580271,0.0013025717,17,15
totalEquity,raw,0.0017762063,0.00093287136,0.00088204886,8.001291e-05,0.0018365524,18,3
totalLiabilitiesAndTotalEquityUnit,indicator,0.0071970248,0.00092274835,0.0013308061,0.00016613171,0.0012713071,19,16
additionalPaidInCapital,raw,0.0027839507,0.0009076914,0.0009903404,9.163866e-05,0.0016410953,20,4
totalCurrentLiabilitiesUnit,indicator,0.003952821,0.0008900662,0.0011773688,0.00017534007,0.0013174898,21,17
revenueUnit,indicator,0.003895567,0.00087829056,0.0013717412,0.00015580149,0.0011073292,22,18
netCashProvidedByOperatingActivitiesUnit,indicator,0.0018904418,0.0008306005,0.0015669398,0.0001859452,0.00073891645,23,19
operatingIncomeUnit,indicator,0.000956425,0.0007790103,0.001424059,0.00013503648,0.0007779353,24,20
costOfRevenueUnit,indicator,0.0026123433,0.00077050814,0.0013187781,0.00011742259,0.00087532366,25,21
ebitdaUnit,indicator,0.0011689734,0.00076588645,0.0011749773,0.00014003301,0.0009826492,26,22
debtToEquity,indicator,0.005229606,0.00074862194,0.0011219522,0.00014202236,0.0009818913,27,23
netStockIssuance,raw,0.0024394328,0.000746517,0.0005969614,8.668164e-05,0.0015559079,28,5
netCashProvidedByFinancingActivitiesUnit,indicator,0.0018319172,0.0007214807,0.0011760684,0.00018429742,0.0008040762,29,24
totalNonCurrentLiabilities,raw,0.0021754245,0.00070222,0.0012926603,0.00021847643,0.00059552345,30,6
otherAssets,raw,0.0011518075,0.0006869797,0.00059180014,7.204438e-05,0.0013970945,31,7
netCommonStockIssuance,raw,0.0023283018,0.00068685255,0.00052567886,8.275081e-05,0.0014521282,32,8
prepaids,raw,0.0014920026,0.00067939406,0.0008151697,7.472413e-05,0.0011482883,33,9
operatingExpensesUnit,indicator,0.0017135603,0.0006770855,0.0012263983,0.000113796115,0.00069106196,34,25
goodwillAndIntangibleAssets,raw,0.001647771,0.0006745141,0.0006407835,7.816393e-05,0.0013045948,35,10
ocfToLiab,indicator,0.002115757,0.00066685746,0.0009705698,0.00015324279,0.0008767599,36,26
netDebt,raw,0.0015080217,0.0006652945,0.0013023275,8.108594e-05,0.00061247003,37,11
incomeBeforeTax,raw,0.0013339566,0.0006408142,0.00051325234,5.310215e-05,0.0013560881,38,12
treasuryStock,raw,0.0015342735,0.0006344522,0.0010932374,6.4318585e-05,0.0007458007,39,13
longTermDebt,raw,0.0011523992,0.0006264378,0.00071990315,7.45888e-05,0.0010848213,40,14
commonStock,raw,0.0015869215,0.00060342764,0.0008333901,6.496567e-05,0.0009119272,41,15
retainedEarnings,raw,0.0016921923,0.00059098244,0.0009429443,7.7950055e-05,0.0007520529,42,16
shortTermDebt,raw,0.0011111605,0.00058973103,0.00066033937,6.634054e-05,0.0010425132,43,17
deferredRevenue,raw,0.00081115373,0.000567219,0.00074037875,7.596802e-05,0.0008853101,44,18
cashAndCashEquivalents,raw,0.001382298,0.00055980514,0.0009124232,0.000109409295,0.00065758295,45,19
totalPayables,raw,0.0014588622,0.0005445673,0.00068923604,7.227518e-05,0.0008721906,46,20
grossProfitUnit,indicator,0.0014458807,0.0005432058,0.00093323993,0.000108316,0.00058806164,47,27
totalStockholdersEquity,raw,0.0012360039,0.0005411766,0.0005881486,6.604252e-05,0.0009693385,48,21
totalDebtUnit,indicator,0.0025298072,0.0005358678,0.00073365646,0.00010640821,0.00076753885,49,28
investmentsInPropertyPlantAndEquipment,raw,0.0013619373,0.000522965,0.001026011,7.44191e-05,0.00046846492,50,22
cashAtEndOfPeriodUnit,indicator,0.0010753971,0.0005175209,0.00078849,7.58496e-05,0.00068822305,51,29
cashAndShortTermInvestments,raw,0.00097068265,0.000515278,0.0006763584,6.3420586e-05,0.0008060552,52,23
cashAtBeginningOfPeriodUnit,indicator,0.0010921588,0.0005142605,0.0008576633,7.212159e-05,0.0006129966,53,30
otherReceivables,raw,0.0010316237,0.00049641705,0.00057663175,6.200379e-05,0.0008506157,54,24
otherCurrentLiabilities,raw,0.00084924605,0.0004963191,0.0004503333,5.7333385e-05,0.0009812907,55,25
intangibleAssets,raw,0.0015008658,0.00049456605,0.0005832083,6.900162e-05,0.00083148817,56,26
bottomLineNetIncome,raw,0.0012862384,0.0004865989,0.0004518116,4.118362e-05,0.00096680154,57,27
commonStockIssuance,raw,0.0012873936,0.00048176153,0.00062736287,5.2698506e-05,0.00076522323,58,28
accumulatedOtherComprehensiveIncomeLoss,raw,0.00048039923,0.00047329674,0.0006823259,8.3670915e-05,0.00065389345,59,29
goodwill,raw,0.0009793328,0.0004648637,0.0006019952,6.155075e-05,0.00073104503,60,30
totalDebt,raw,0.0009862381,0.00046006465,0.00056702935,4.7069287e-05,0.0007660953,61,31
sellingAndMarketingExpenses,raw,0.00072791567,0.00045940888,0.00042370605,6.2688705e-05,0.00089183194,62,32
capitalExpenditure,raw,0.001319021,0.00045513627,0.00085882423,6.700766e-05,0.0004395769,63,33
otherTotalStockholdersEquity,raw,0.00074986246,0.0004550187,0.00055647834,4.076684e-05,0.00076781085,64,34
inventory,raw,0.0010206238,0.0004527974,0.0004024863,4.887803e-05,0.0009070279,65,35
totalPayablesUnit,indicator,0.0017425321,0.00044468266,0.0005360752,5.39405e-05,0.00074403227,66,31
cashAtBeginningOfPeriod,raw,0.0012640265,0.0004437291,0.00044543098,6.1042214e-05,0.0008247141,67,36
totalCurrentAssets,raw,0.0008613602,0.0004398284,0.00067756133,4.7728245e-05,0.0005941957,68,37
netIncome,raw,0.0011447789,0.0004221712,0.00037660424,3.8410002e-05,0.0008514993,69,38
totalAssets,raw,0.0013248114,0.00042039098,0.00043299468,5.141054e-05,0.0007767677,70,39
netCashProvidedByOperatingActivities,raw,0.0009838497,0.00041720291,0.0006276216,5.772851e-05,0.0005662586,71,40
longTermDebtUnit,indicator,0.0016441197,0.00041691834,0.00045356786,7.788623e-05,0.0007193009,72,32
netIncomeFromContinuingOperations,raw,0.0011240527,0.00040642652,0.00038393016,3.918857e-05,0.00079616084,73,41
otherCurrentAssets,raw,0.0007880726,0.00040305406,0.0005115999,3.9661118e-05,0.0006579011,74,42
costAndExpenses,raw,0.0012061648,0.00039741644,0.00047265383,3.7781225e-05,0.00068181433,75,43
goodwillToEquity,indicator,0.0014405755,0.00038984945,0.0008047844,8.0320715e-05,0.00028444326,76,33
propertyPlantEquipmentNet,raw,0.0008953452,0.00038100904,0.00053393404,4.4936827e-05,0.00056415616,77,44
totalLiabilities,raw,0.00090616784,0.0003715794,0.0003236506,3.64954e-05,0.0007545922,78,45
commonDividendsPaid,raw,0.001105116,0.00036978567,0.00056120154,7.980223e-05,0.00046835316,79,46
debtRatio,indicator,0.003042316,0.00036663972,0.00054840976,4.813071e-05,0.0005033788,80,34
accountPayablesUnit,indicator,0.0016131055,0.00036370545,0.00056225306,9.33527e-05,0.0004355106,81,35
totalLiabilitiesAndTotalEquity,raw,0.0010092346,0.0003624087,0.00039160022,3.8992326e-05,0.0006566336,82,47
cashAtEndOfPeriod,raw,0.0009093401,0.00036045644,0.00048473838,5.315009e-05,0.0005434809,83,48
totalNonCurrentAssets,raw,0.0009954051,0.00035137055,0.00044195776,3.5225556e-05,0.00057692826,84,49
sellingGeneralAndAdministrativeExpenses,raw,0.0010418516,0.00034437244,0.0006394635,5.0971652e-05,0.00034268215,85,50
stockBasedCompensation,raw,0.0006300015,0.0003410794,0.00040847954,3.085232e-05,0.0005839063,86,51
weightedAverageShsOut,raw,0.0020796163,0.00033949633,0.00049122603,4.109654e-05,0.00048616648,87,52
revenue,raw,0.0009546543,0.0003344833,0.00040840995,3.51402e-05,0.0005598997,88,53
interestIncome,raw,0.0008858621,0.00033396957,0.0003531606,4.1025112e-05,0.0006077229,89,54
costOfRevenue,raw,0.00075953285,0.00032952466,0.0003769411,3.337893e-05,0.00057825394,90,55
accountPayables,raw,0.00090335263,0.0003190015,0.00042425975,3.8610982e-05,0.0004941338,91,56
totalInvestments,raw,0.0006502206,0.0003118147,0.00035865852,6.767363e-05,0.000509112,92,57
accountsReceivables,raw,0.0008079009,0.00031015396,0.00037161633,4.8255548e-05,0.00051059003,93,58
operatingCashFlow,raw,0.0006374741,0.0003059383,0.00057748734,4.6512516e-05,0.00029381507,94,59
operatingIncome,raw,0.00083655515,0.00029982018,0.0002512665,2.512416e-05,0.0006230699,95,60
ebit,raw,0.0008712667,0.00029733466,0.0003338458,2.3039782e-05,0.00053511845,96,61
deferredTaxLiabilitiesNonCurrent,raw,0.0006732685,0.00029523092,0.0004496455,2.9914201e-05,0.00040613307,97,62
netDividendsPaid,raw,0.00075276144,0.00029157646,0.00039136966,0.000104799285,0.00037856036,98,63
netInterestIncome,raw,0.0007390767,0.00028462432,0.00038799568,3.475335e-05,0.00043112395,99,64
interestExpense,raw,0.00078854436,0.000278002,0.00038225055,2.7758988e-05,0.00042399642,100,65
propertyPlantEquipmentNetUnit,indicator,0.0018937658,0.0002775987,0.0004116983,4.829533e-05,0.00037280246,101,36
weightedAverageShsOutDil,raw,0.0016596835,0.0002764513,0.0003880761,4.804245e-05,0.00039323533,102,66
generalAndAdministrativeExpenses,raw,0.00060206116,0.00027053908,0.00030846795,3.1335232e-05,0.00047181404,103,67
incomeTaxExpense,raw,0.0007350534,0.00026618261,0.00030218283,2.0266929e-05,0.00047609807,104,68
ebitda,raw,0.00074683496,0.00026169245,0.00024679437,2.1175414e-05,0.00051710755,105,69
otherNonCurrentAssets,raw,0.0006442067,0.00026058045,0.00028005955,3.2863227e-05,0.00046881856,106,70
freeCashFlow,raw,0.0008149776,0.00025315242,0.00042548182,3.5093868e-05,0.00029888155,107,71
researchAndDevelopmentExpenses,raw,0.00055351463,0.0002522739,0.00032420707,3.7485817e-05,0.0003951288,108,72
netReceivables,raw,0.0008076693,0.00025068325,0.00037305537,4.7974936e-05,0.0003310195,109,73
netReceivablesUnit,indicator,0.0020279123,0.0002500749,0.00028061104,4.7770132e-05,0.00042184355,110,37
inventoryUnit,indicator,0.001316042,0.00024831234,0.00037610735,3.9168885e-05,0.0003296608,111,38
shortTermDebtUnit,indicator,0.00070473255,0.00024087056,0.00028189857,3.9409366e-05,0.00040130378,112,39
netDebtIssuance,raw,0.0010447392,0.00024043622,0.00026192784,3.1506188e-05,0.00042787465,113,74
totalCurrentLiabilities,raw,0.00056032307,0.00023319991,0.00029579605,3.474501e-05,0.00036905866,114,75
purchasesOfInvestments,raw,0.00072080264,0.00023246896,0.000269366,3.8760896e-05,0.00038928,115,76
netChangeInCash,raw,0.0010391553,0.000231425,0.00036841602,3.3812874e-05,0.00029204608,116,77
netCashProvidedByFinancingActivities,raw,0.00079275254,0.00022846252,0.0002014324,3.2924392e-05,0.0004510308,117,78
minorityInterest,raw,0.0006492503,0.00022697724,0.00035019565,2.4878971e-05,0.0003058571,118,79
longTermNetDebtIssuance,raw,0.000876222,0.00021765668,0.00023881363,2.4218916e-05,0.0003899375,119,80
taxPayables,raw,0.00041916294,0.00021089877,0.00026061243,3.4911067e-05,0.0003371728,120,81
operatingExpenses,raw,0.0007077043,0.00020847221,0.0002629157,2.9387895e-05,0.00033311304,121,82
accrual,indicator,0.00024847768,0.00019835115,0.00029913508,2.4811432e-05,0.0002711069,122,40
depreciationAndAmortization,raw,0.0006447537,0.00019654252,0.00026870306,2.2541977e-05,0.00029838254,123,83
grossProfit,raw,0.00052495446,0.00017331692,0.00025043092,2.0946067e-05,0.00024857375,124,84
netCashProvidedByInvestingActivities,raw,0.00048087168,0.0001358614,0.00019067462,2.3457022e-05,0.00019345256,125,85
accountsReceivablesUnit,indicator,0.00060711027,0.00011864043,0.00016094116,2.1095691e-05,0.00017388446,126,41
totalEquityUnit,indicator,0.0036916388,5.2836887e-05,7.710153e-05,5.7021325e-06,7.5706994e-05,127,42
