symbol,endDate,three,seven,thirty_one,dcf
300015.SZ,20250630,0.44758177,0.92330074,4.389489,5.7603717
600396.SS,20250630,0.30238613,0.62548363,4.228246,5.156116
600983.SS,20250630,-0.23621584,0.18154249,4.7581778,4.7035046
300138.SZ,20250630,0.2698222,0.7340733,3.5410464,4.544942
002318.SZ,20250630,0.26143038,0.78879654,3.2164702,4.266697
002233.SZ,20250630,0.1944213,0.1834968,3.815734,4.193652
603040.SS,20250630,0.16017003,0.7212621,3.1925676,4.074
002020.SZ,20250630,0.15425363,-0.03758058,3.9471035,4.0637765
300039.SZ,20250630,0.18037666,0.5397837,3.3350034,4.055164
000895.SZ,20250630,0.22887753,0.76217616,2.9857082,3.9767618
600572.SS,20250630,0.032311756,0.65996027,3.1115112,3.8037832
300446.SZ,20250630,0.101062074,-0.0329006,3.687521,3.7556825
002415.SZ,20250630,0.16286291,0.6753607,2.9033365,3.74156
002083.SZ,20250630,0.16636609,0.47910944,3.072496,3.7179713
000975.SZ,20250630,0.08517055,0.5376574,3.0862517,3.7090797
002410.SZ,20250630,0.2036109,0.51593626,2.940198,3.6597452
000682.SZ,20250630,0.3047398,0.537712,2.7712731,3.613725
600926.SS,20250630,0.3247832,0.609928,2.6498365,3.5845478
001202.SZ,20250630,0.1256788,0.8910295,2.5078318,3.52454
600188.SS,20250630,0.23645385,0.6339332,2.6538048,3.5241919
000739.SZ,20250630,0.28361744,0.2965791,2.9260836,3.50628
300563.SZ,20250630,0.1181732,0.84516084,2.5330064,3.4963405
300693.SZ,20250630,0.2470236,0.43675867,2.8099039,3.4936862
603006.SS,20250630,0.23319279,0.5154494,2.7184894,3.4671316
601997.SS,20250630,0.3189545,0.7190615,2.3914053,3.4294214
300898.SZ,20250630,0.19953333,0.6566416,2.5482135,3.4043884
603589.SS,20250630,0.13115127,0.45172456,2.7895107,3.3723865
000651.SZ,20250630,0.16638678,0.48468444,2.7095861,3.3606572
002270.SZ,20250630,0.12482016,0.34363434,2.8844736,3.3529282
002154.SZ,20250630,0.2108457,0.57026255,2.5684175,3.349526
000725.SZ,20250630,0.16997294,0.4861733,2.6845124,3.3406587
002063.SZ,20250630,0.19426708,0.3083016,2.8222895,3.3248582
002144.SZ,20250630,0.23960637,0.31287447,2.7719166,3.3243976
601336.SS,20250630,0.20105185,0.49300262,2.5963826,3.2904372
301020.SZ,20250630,0.19316994,0.6309122,2.4620914,3.2861736
300760.SZ,20250630,0.24699803,0.52883303,2.475005,3.250836
601068.SS,20250630,0.2118323,0.44550797,2.5576832,3.2150235
002273.SZ,20250630,0.1754361,0.38213554,2.6397963,3.197368
002056.SZ,20250630,0.1848294,0.5757487,2.4273334,3.1879115
600285.SS,20250630,0.03883292,0.30879703,2.834055,3.181685
002241.SZ,20250630,0.16622053,0.4911708,2.4547262,3.1121175
300394.SZ,20250630,0.14149399,0.48101905,2.463167,3.08568
603367.SS,20250630,0.27013564,0.26886907,2.5366807,3.0756855
603596.SS,20250630,0.18421288,0.23873064,2.648017,3.0709605
002032.SZ,20250630,0.19709305,0.48079,2.3916366,3.0695195
300832.SZ,20250630,0.1242571,0.56952477,2.3676734,3.0614552
002803.SZ,20250630,0.27599302,0.3755904,2.3927288,3.0443122
300470.SZ,20250630,0.02739342,0.63956416,2.35712,3.0240777
300570.SZ,20250630,0.19619851,0.55210066,2.2735634,3.0218625
300590.SZ,20250630,0.12667017,0.58732414,2.2996802,3.0136745
601000.SS,20250630,0.12816906,0.31912515,2.5552497,3.002544
002262.SZ,20250630,0.19144036,0.49898818,2.2855344,2.9759629
300743.SZ,20250630,0.16550757,0.37354848,2.4041457,2.9432018
601958.SS,20250630,0.16231193,0.34981367,2.4149315,2.9270573
002777.SZ,20250630,0.23596938,0.4201139,2.2482836,2.904367
000650.SZ,20250630,0.16823934,0.39960715,2.3334343,2.9012809
000858.SZ,20250630,0.2168717,0.40562436,2.2673223,2.8898184
000798.SZ,20250630,-0.0676427,-1.1478744,4.099765,2.8842478
600060.SS,20250630,0.24386455,0.3449361,2.2926967,2.8814974
300357.SZ,20250630,0.19929169,0.35764495,2.3234665,2.880403
603676.SS,20250630,0.1070316,0.53393316,2.226749,2.8677137
603279.SS,20250630,0.007657308,0.7172941,2.1229606,2.8479118
601019.SS,20250630,0.15762268,0.47133592,2.2151012,2.84406
300627.SZ,20250630,0.15753238,0.39505592,2.2806573,2.8332455
600720.SS,20250630,0.24824266,0.3620803,2.2132466,2.8235695
002802.SZ,20250630,0.1439948,0.54225516,2.136446,2.822696
603868.SS,20250630,0.09529911,0.5346496,2.1875324,2.817481
002836.SZ,20250630,0.10731532,0.30215403,2.3953967,2.804866
300722.SZ,20250630,0.038803626,0.22220019,2.5369835,2.7979872
600059.SS,20250630,0.15768583,0.43293568,2.2034078,2.7940292
603855.SS,20250630,0.18414284,0.27141783,2.3369913,2.792552
603321.SS,20250630,0.25119105,0.21775416,2.3217168,2.790662
002996.SZ,20250630,0.16751574,0.70463896,1.9125829,2.7847376
601928.SS,20250630,0.23161505,0.28364965,2.2546093,2.769874
600809.SS,20250630,0.07794483,0.32541004,2.3648689,2.7682238
300403.SZ,20250630,0.15954168,0.28333536,2.3078277,2.7507048
603203.SS,20250630,0.16595171,0.35466966,2.2299466,2.750568
002826.SZ,20250630,0.16762216,0.42775664,2.1478949,2.7432737
000423.SZ,20250630,0.1357988,0.4054561,2.1952152,2.7364702
600582.SS,20250630,0.18517308,0.42422494,2.1261563,2.7355542
000408.SZ,20250630,0.15782249,0.3008838,2.2720728,2.7307792
300002.SZ,20250630,0.18689425,0.38190445,2.1539373,2.7227361
002001.SZ,20250630,0.1935427,0.4204392,2.093447,2.707429
002817.SZ,20250630,0.1259061,0.4426597,2.1383758,2.7069416
300306.SZ,20250630,0.17684652,0.29397795,2.2262807,2.6971052
000988.SZ,20250630,0.21731861,0.4451197,2.030906,2.6933444
002782.SZ,20250630,0.04493316,0.14946958,2.4951658,2.6895685
600563.SS,20250630,0.20622452,0.28572914,2.1848102,2.6767638
300628.SZ,20250630,0.03213762,0.06606671,2.5756512,2.6738555
002093.SZ,20250630,0.1370733,0.13828418,2.3900857,2.6654432
601882.SS,20250630,0.21348552,0.45088074,1.9955862,2.6599524
002790.SZ,20250630,0.2766654,0.38763693,1.994416,2.6587183
603444.SS,20250630,0.19071214,0.33608642,2.1316047,2.6584032
600517.SS,20250630,0.14980467,0.34594628,2.158956,2.654707
000425.SZ,20250630,0.17227532,0.3310673,2.1418166,2.6451592
688300.SS,20250630,0.18240531,0.27684698,2.1793828,2.6386352
600562.SS,20250630,0.20053594,0.4398791,1.9756925,2.6161075
002756.SZ,20250630,0.15691034,0.32241765,2.1362672,2.615595
300171.SZ,20250630,0.08454688,0.8065119,1.7239268,2.6149855
603129.SS,20250630,0.10116671,0.4383175,2.0646076,2.604092
300018.SZ,20250630,0.20277642,0.41750202,1.9838109,2.6040893
002393.SZ,20250630,0.21904667,0.45590684,1.9256358,2.6005893
603515.SS,20250630,0.17468883,0.19340214,2.2303934,2.5984845
601098.SS,20250630,0.18187867,0.36645487,2.0439348,2.5922685
002555.SZ,20250630,0.16194452,0.26290318,2.1667135,2.5915613
300354.SZ,20250630,0.102785036,0.6543319,1.8323965,2.5895135
300634.SZ,20250630,0.12652539,0.3773975,2.0850935,2.5890164
605183.SS,20250630,0.1628009,0.3593339,2.0656152,2.58775
002901.SZ,20250630,0.09570633,0.60117805,1.8879373,2.5848217
300661.SZ,20250630,0.22059833,0.44058576,1.9188821,2.5800662
600406.SS,20250630,0.18331255,0.32049885,2.075531,2.5793424
688395.SS,20250630,0.104149446,0.28945735,2.164519,2.558126
000538.SZ,20250630,0.16816054,0.3745061,2.0057292,2.5483959
300705.SZ,20250630,0.25876555,0.35219845,1.9271035,2.5380676
002249.SZ,20250630,0.12549244,0.48990747,1.9161925,2.5315924
002028.SZ,20250630,0.23292623,0.5023129,1.7948065,2.5300455
600967.SS,20250630,0.11133914,0.3897452,2.0283666,2.529451
000612.SZ,20250630,0.07530467,0.2900369,2.1610575,2.5263991
002612.SZ,20250630,0.19055048,0.31543532,2.010786,2.5167718
002043.SZ,20250630,0.16857938,0.44746026,1.8964257,2.5124655
300012.SZ,20250630,0.16001715,0.23054913,2.1209,2.5114663
300073.SZ,20250630,0.05436458,0.5737089,1.8802795,2.508353
601860.SS,20250630,0.21405216,0.43605658,1.855593,2.5057018
300548.SZ,20250630,0.26419547,0.2639173,1.9752786,2.5033913
002236.SZ,20250630,0.17249751,0.51804435,1.8073087,2.4978504
300400.SZ,20250630,0.21705188,0.35555372,1.9233012,2.4959068
600872.SS,20250630,0.15521099,0.4281033,1.9091814,2.4924955
002478.SZ,20250630,0.11301394,0.1407598,2.236952,2.4907258
002035.SZ,20250630,0.10969336,0.1839759,2.194365,2.4880342
002283.SZ,20250630,0.084506914,0.16138336,2.2382927,2.484183
300049.SZ,20250630,0.18769147,0.4955376,1.7998397,2.483069
688550.SS,20250630,0.17295153,0.30954245,2.000536,2.4830298
300674.SZ,20250630,0.23252587,0.361335,1.8879476,2.4818084
002508.SZ,20250630,0.17169715,0.30905297,1.9994648,2.4802148
600380.SS,20250630,0.2154169,0.41347644,1.8499618,2.4788551
000810.SZ,20250630,0.17182404,0.34642228,1.9602463,2.4784927
688080.SS,20250630,0.21672083,0.32311437,1.9368625,2.4766977
688579.SS,20250630,0.10429074,0.45400915,1.9148531,2.473153
688127.SS,20250630,0.21759607,0.69085884,1.5636945,2.4721494
002821.SZ,20250630,0.07404153,0.33357605,2.0645301,2.4721477
002007.SZ,20250630,0.2039542,0.28845093,1.9793501,2.4717553
002352.SZ,20250630,0.18387203,0.37273243,1.9110873,2.4676917
605305.SS,20250630,0.074770585,0.38281038,1.9996016,2.4571826
600835.SS,20250630,0.16944714,0.18785849,2.093679,2.4509845
002372.SZ,20250630,0.12678556,0.13534561,2.1880858,2.450217
600938.SS,20250630,0.09351884,0.37273034,1.9814734,2.4477227
688663.SS,20250630,0.045165826,0.3347912,2.0616746,2.4416316
300408.SZ,20250630,0.19515924,0.36469254,1.8678296,2.4276814
603758.SS,20250630,0.09930284,0.21271637,2.1154456,2.427465
603266.SS,20250630,0.14287977,0.4375269,1.8407564,2.421163
000521.SZ,20250630,0.14330052,0.31929806,1.9579496,2.4205482
601298.SS,20250630,0.20977768,0.21574959,1.9886961,2.4142234
002556.SZ,20250630,0.1644309,0.30926964,1.9378972,2.4115977
300502.SZ,20250630,0.14667977,0.11004278,2.1480904,2.4048128
600479.SS,20250630,0.19055746,0.271656,1.9379408,2.4001544
600171.SS,20250630,0.060201067,0.49326792,1.8456557,2.3991246
600398.SS,20250630,0.17768817,0.47768375,1.7436204,2.3989923
600699.SS,20250630,0.19443671,0.29218444,1.899867,2.3864882
603738.SS,20250630,0.05217815,0.24215618,2.0910432,2.3853776
002588.SZ,20250630,0.27605444,0.25629637,1.851059,2.3834097
603019.SS,20250630,0.19048007,0.27318922,1.9166589,2.3803282
600566.SS,20250630,0.20157294,0.24574336,1.9270909,2.3744073
000795.SZ,20250630,0.19002092,0.3441457,1.832782,2.3669486
002117.SZ,20250630,0.25146055,0.39935002,1.7114902,2.3623009
603699.SS,20250630,0.23993786,0.30218646,1.8190713,2.3611956
002595.SZ,20250630,0.1590495,0.2737821,1.9245741,2.3574057
002026.SZ,20250630,0.26802868,0.23650846,1.8498204,2.3543575
000997.SZ,20250630,0.23726203,0.4096268,1.7066672,2.3535562
600000.SS,20250630,0.18008594,0.31103334,1.8505373,2.3416567
300724.SZ,20250630,0.14626937,0.21288565,1.9806447,2.3397996
600757.SS,20250630,0.21175763,0.36726472,1.7574294,2.3364518
002518.SZ,20250630,0.15548097,0.26525983,1.9134741,2.334215
603960.SS,20250630,0.20892061,0.49151507,1.626472,2.3269076
603080.SS,20250630,0.061182458,0.16175637,2.0992992,2.322238
002832.SZ,20250630,0.17812176,0.2748795,1.8639925,2.3169937
002216.SZ,20250630,0.19422211,0.25594363,1.861517,2.3116827
002920.SZ,20250630,0.22266705,0.2780207,1.8074765,2.3081644
002271.SZ,20250630,0.15031506,0.32304767,1.834528,2.3078907
603696.SS,20250630,0.21637537,0.46523008,1.6247544,2.3063598
000779.SZ,20250630,0.21534817,0.2553576,1.829907,2.3006127
002332.SZ,20250630,0.10492973,0.29975662,1.8949752,2.2996616
605168.SS,20250630,0.18991984,0.39693782,1.7126317,2.2994895
601377.SS,20250630,0.16900386,0.37773266,1.7453775,2.292114
002222.SZ,20250630,0.10464428,0.3645827,1.8217545,2.2909813
000400.SZ,20250630,0.13064809,0.30783305,1.8521774,2.2906585
002749.SZ,20250630,0.09065752,0.29012355,1.9087958,2.289577
600050.SS,20250630,0.15674773,0.27076563,1.8578913,2.2854047
603298.SS,20250630,0.09021972,0.2068511,1.9869633,2.284034
300206.SZ,20250630,0.15442248,0.29744032,1.8290088,2.2808716
603199.SS,20250630,0.06304906,0.40946838,1.8082201,2.2807376
600329.SS,20250630,0.21008699,0.30847523,1.7559977,2.27456
605377.SS,20250630,0.26623568,0.33488908,1.6729422,2.274067
000738.SZ,20250630,0.13015516,0.15157762,1.986094,2.2678268
600750.SS,20250630,0.15044193,0.19849756,1.9053581,2.2542975
301158.SZ,20250630,0.1472372,0.3550134,1.7502806,2.2525313
300576.SZ,20250630,0.18184762,0.250415,1.8129437,2.2452064
002677.SZ,20250630,0.13887672,0.39697477,1.7084851,2.2443366
002469.SZ,20250630,0.12669608,0.24764004,1.8533256,2.2276616
600570.SS,20250630,0.16270746,0.32549068,1.7370176,2.225216
603369.SS,20250630,0.20185299,0.31055078,1.7096286,2.2220323
000063.SZ,20250630,0.15077658,0.3403965,1.7279458,2.2191188
002088.SZ,20250630,0.2062432,0.24565968,1.7657359,2.2176387
600420.SS,20250630,0.14587794,0.06301448,2.0064297,2.215322
300726.SZ,20250630,0.12572996,0.30255017,1.7748373,2.2031174
600312.SS,20250630,0.07038541,0.23574325,1.8954568,2.2015855
603365.SS,20250630,0.15854459,0.32333586,1.7139661,2.1958466
002592.SZ,20250630,0.2930304,0.7270782,1.174332,2.1944406
002296.SZ,20250630,0.096420124,0.36170283,1.7342052,2.1923282
002085.SZ,20250630,0.17751054,0.30487725,1.7017605,2.1841483
603416.SS,20250630,0.091877565,0.23392609,1.8552511,2.1810546
600529.SS,20250630,0.29214135,0.31126228,1.5753196,2.1787233
600873.SS,20250630,0.1320463,0.23097154,1.8118842,2.174902
000951.SZ,20250630,0.13295208,0.30655208,1.7319322,2.1714363
300855.SZ,20250630,0.14552362,0.41149345,1.6110864,2.1681035
600862.SS,20250630,0.10094483,0.36715308,1.6980305,2.1661284
603181.SS,20250630,0.19476508,0.3540013,1.6112242,2.1599905
002960.SZ,20250630,0.18554156,0.24797782,1.720257,2.1537764
603788.SS,20250630,0.16029708,0.29761508,1.6929088,2.150821
601229.SS,20250630,0.21067646,0.37748155,1.5604863,2.1486444
002322.SZ,20250630,0.13508148,0.34156844,1.6706853,2.1473353
002867.SZ,20250630,0.21164548,0.39457628,1.5393715,2.1455932
002641.SZ,20250630,0.15019359,0.30285951,1.6903074,2.1433606
600276.SS,20250630,0.21151493,0.33836326,1.5920756,2.1419537
002543.SZ,20250630,0.124479875,0.31156203,1.7028725,2.1389143
600883.SS,20250630,0.22755332,0.26094618,1.6495912,2.1380906
000568.SZ,20250630,0.104862615,0.349103,1.6831467,2.1371124
300684.SZ,20250630,0.09948178,0.31543526,1.7160988,2.1310158
600523.SS,20250630,0.19817872,0.32810685,1.5891259,2.1154115
600444.SS,20250630,0.055225957,0.17386362,1.8858788,2.1149683
601633.SS,20250630,0.17564993,0.28361538,1.6538222,2.1130874
000409.SZ,20250630,0.1466165,0.37203214,1.5934502,2.1120987
600760.SS,20250630,0.1718085,0.036561698,1.8962932,2.1046634
603096.SS,20250630,0.1532542,0.27100638,1.6740737,2.0983343
600618.SS,20250630,0.14581738,0.2879357,1.6638255,2.0975785
002293.SZ,20250630,0.08810516,0.25327393,1.7541368,2.095516
002698.SZ,20250630,0.2564488,0.25281367,1.5815655,2.090828
688009.SS,20250630,0.19180487,0.2905493,1.6069036,2.0892577
002191.SZ,20250630,0.2788097,0.14459386,1.6647868,2.0881903
600838.SS,20250630,0.1917604,0.23125741,1.663156,2.0861738
603039.SS,20250630,0.09006365,0.29766008,1.693418,2.0811417
601799.SS,20250630,0.043237705,0.26848993,1.7645862,2.076314
601225.SS,20250630,0.23758958,0.3328826,1.5024002,2.0728724
002351.SZ,20250630,0.1505744,0.4047211,1.5149357,2.0702312
002818.SZ,20250630,0.16232033,0.41718993,1.4866911,2.0662014
000932.SZ,20250630,0.1528845,0.31675395,1.5881648,2.0578032
601006.SS,20250630,0.15201895,0.44408748,1.4613717,2.057478
300519.SZ,20250630,0.15416579,0.22972062,1.6635077,2.047394
002651.SZ,20250630,-0.0510302,0.41343424,1.6735778,2.035982
300573.SZ,20250630,0.20224188,0.22558144,1.6078341,2.0356574
000885.SZ,20250630,0.018681306,0.07557964,1.9379556,2.0322165
300389.SZ,20250630,0.2337807,0.638672,1.1571281,2.0295808
605111.SS,20250630,-0.007576924,0.14468572,1.8920796,2.0291884
600132.SS,20250630,0.11588167,0.3288568,1.5842514,2.0289898
002847.SZ,20250630,0.19276448,0.25172016,1.5745487,2.0190334
601919.SS,20250630,0.12227933,0.3926234,1.5030795,2.0179822
002540.SZ,20250630,0.11317374,0.14120409,1.7568195,2.0111973
601965.SS,20250630,0.141052,0.4123892,1.4566677,2.010109
600182.SS,20250630,0.11770189,0.23825005,1.6524668,2.0084188
002507.SZ,20250630,0.0479077,0.24558273,1.7108488,2.0043392
600055.SS,20250630,0.19962382,0.26803944,1.5336528,2.001316
603697.SS,20250630,0.17408745,0.45141605,1.3756201,2.0011237
600177.SS,20250630,0.17019217,0.29378876,1.5349431,1.998924
002017.SZ,20250630,0.07504837,0.36244956,1.5579925,1.9954903
603700.SS,20250630,0.14757155,0.17908189,1.6686726,1.995326
002947.SZ,20250630,0.29182732,0.2729135,1.4296556,1.9943963
601179.SS,20250630,0.13598439,0.23646691,1.6195197,1.991971
000970.SZ,20250630,0.13628595,0.28653178,1.5648642,1.9876819
600754.SS,20250630,0.1437972,0.22143516,1.6214237,1.9866561
002706.SZ,20250630,0.16470315,0.19016656,1.6273732,1.982243
603811.SS,20250630,0.10873337,0.15969673,1.7126396,1.9810697
002315.SZ,20250630,0.12333991,0.3351477,1.5210228,1.9795104
603283.SS,20250630,0.21061559,0.2624717,1.4991379,1.9722252
300285.SZ,20250630,0.21442844,0.43641147,1.3208864,1.9717263
603486.SS,20250630,0.03910317,-0.11204526,2.043775,1.970833
600598.SS,20250630,-0.018575978,0.31699458,1.6665621,1.9649807
300660.SZ,20250630,0.17904155,0.26985422,1.5155134,1.9644091
600062.SS,20250630,0.12524872,0.25539932,1.577689,1.9583371
603766.SS,20250630,0.14476697,0.20191339,1.6104894,1.9571698
603508.SS,20250630,-0.057370316,-0.17625183,2.1900833,1.9564611
300685.SZ,20250630,0.18809085,0.21143827,1.5560236,1.9555527
002003.SZ,20250630,0.16413818,0.2598721,1.529676,1.9536862
603228.SS,20250630,0.34667054,0.1352354,1.469574,1.9514799
600020.SS,20250630,0.15378939,0.22078201,1.5759959,1.9505672
600710.SS,20250630,0.20192938,0.2604616,1.4768442,1.9392352
603786.SS,20250630,0.12181987,0.2696984,1.5462427,1.9377611
603041.SS,20250630,0.1516713,0.34165236,1.4436958,1.9370195
002558.SZ,20250630,0.1754121,0.2740104,1.4867313,1.9361538
600160.SS,20250630,0.15574548,0.12082079,1.6509051,1.9274714
600551.SS,20250630,0.23310415,0.28479746,1.4083545,1.9262562
000166.SZ,20250630,0.18442015,0.5103679,1.2305248,1.9253128
603909.SS,20250630,0.15558611,0.15104988,1.6127021,1.9193381
002597.SZ,20250630,0.15334639,0.30783477,1.4565002,1.9176813
603088.SS,20250630,0.13997392,0.24011138,1.537025,1.9171102
600183.SS,20250630,0.14624493,0.2795833,1.4879946,1.9138228
002349.SZ,20250630,0.038263205,0.4129602,1.4612283,1.9124516
002516.SZ,20250630,0.29124096,0.2443268,1.373909,1.9094768
601991.SS,20250630,0.124733254,0.29896674,1.4789327,1.9026327
603058.SS,20250630,0.29546133,0.15051112,1.4527161,1.8986886
603259.SS,20250630,0.13351427,0.2561517,1.5071373,1.8968033
603020.SS,20250630,0.13282621,0.040609926,1.7151954,1.8886316
000949.SZ,20250630,0.12944964,0.29877457,1.4596908,1.887915
603816.SS,20250630,0.15177475,0.28398117,1.4512906,1.8870466
300980.SZ,20250630,0.07804744,0.045733333,1.7626338,1.8864145
000661.SZ,20250630,0.070785984,0.27480057,1.538628,1.8842145
600066.SS,20250630,0.07469399,0.5189786,1.2873931,1.8810656
002763.SZ,20250630,0.19449393,0.27842274,1.4073908,1.8803074
603192.SS,20250630,0.14400774,0.29917696,1.43536,1.8785447
000862.SZ,20250630,0.18733554,0.20435902,1.4799674,1.8716619
300019.SZ,20250630,0.12153342,0.27211812,1.4778471,1.8714986
002938.SZ,20250630,0.1330599,0.24855664,1.480901,1.8625176
000513.SZ,20250630,0.22265814,0.26831594,1.3705719,1.8615459
002441.SZ,20250630,0.15458791,0.30992755,1.3951514,1.8596668
600273.SS,20250630,0.19661392,0.26867375,1.3899144,1.8552021
603100.SS,20250630,0.13962297,0.20074067,1.5148137,1.8551773
300653.SZ,20250630,0.19802625,0.16839042,1.488724,1.8551407
000719.SZ,20250630,0.1357992,0.27327928,1.4427351,1.8518136
603337.SS,20250630,0.1737715,0.1488562,1.528684,1.8513117
600980.SS,20250630,0.16502465,0.074526966,1.6111958,1.8507475
600690.SS,20250630,0.1521727,0.2508516,1.4461782,1.8492025
688681.SS,20250630,-0.0032186918,0.50010824,1.3506392,1.8475288
002461.SZ,20250630,0.18365835,0.21934792,1.4435229,1.8465292
002841.SZ,20250630,0.16146706,0.25333664,1.4282026,1.8430064
300174.SZ,20250630,0.10871141,0.10543305,1.6245093,1.8386538
603899.SS,20250630,0.20247959,0.21097544,1.425166,1.838621
603938.SS,20250630,0.09212954,0.05981818,1.6851878,1.8371356
600528.SS,20250630,0.16535841,0.24388847,1.4260912,1.8353381
600511.SS,20250630,0.18871121,0.2574323,1.3887527,1.8348962
002014.SZ,20250630,0.26842892,0.16902557,1.3912014,1.8286558
603160.SS,20250630,0.15292357,0.3323969,1.3399801,1.8253006
600085.SS,20250630,0.14102735,0.17252317,1.5025629,1.8161135
300443.SZ,20250630,0.1288742,-0.10033128,1.7875476,1.8160905
688057.SS,20250630,0.15977575,0.20062092,1.4537041,1.8141007
000999.SZ,20250630,0.23920612,0.26799163,1.3066251,1.8138229
603706.SS,20250630,0.031015594,0.26819363,1.5135727,1.8127819
002871.SZ,20250630,0.11108692,0.078644216,1.6210666,1.8107977
002486.SZ,20250630,0.18521127,-0.05670145,1.6787934,1.8073032
600519.SS,20250630,0.17522477,0.3401126,1.2847112,1.8000486
600970.SS,20250630,0.13416798,0.23354104,1.4317063,1.7994153
000683.SZ,20250630,0.123085395,0.31613228,1.3596191,1.7988368
002107.SZ,20250630,0.07219887,0.1904529,1.5291907,1.7918425
300181.SZ,20250630,0.11753516,0.18414184,1.4837034,1.7853804
300487.SZ,20250630,0.19912906,0.42736778,1.1570535,1.7835503
603656.SS,20250630,0.2538873,0.25346902,1.2743791,1.7817354
300009.SZ,20250630,0.052859683,0.26639155,1.4574668,1.7767181
603288.SS,20250630,0.15918465,0.31784025,1.2975619,1.7745868
603456.SS,20250630,0.14398505,0.22194871,1.4033695,1.7693033
603606.SS,20250630,0.12593852,0.22179762,1.4150333,1.7627695
300433.SZ,20250630,0.14343454,0.24899098,1.3575194,1.7499449
601898.SS,20250630,0.1333498,0.2663146,1.3463628,1.7460272
001965.SZ,20250630,0.15452532,0.1540499,1.4366343,1.7452095
000060.SZ,20250630,0.1489092,0.20888028,1.386318,1.7441075
601811.SS,20250630,0.17758821,0.13638625,1.4299629,1.7439373
002908.SZ,20250630,0.18290575,0.06615612,1.4924784,1.7415402
603167.SS,20250630,0.06256895,0.42964444,1.2486627,1.7408761
000830.SZ,20250630,0.12783171,0.32592675,1.2790961,1.7328546
300610.SZ,20250630,0.17278762,0.31853738,1.2412223,1.7325473
600367.SS,20250630,0.12363355,0.37474868,1.2248545,1.7232367
603658.SS,20250630,0.15403865,0.1991131,1.3684745,1.7216263
003816.SZ,20250630,0.092770964,0.32741687,1.2968771,1.717065
002576.SZ,20250630,0.09799923,0.2443004,1.3696337,1.7119334
600845.SS,20250630,0.23138191,0.20580539,1.273905,1.7110924
600196.SS,20250630,0.14615203,0.18169197,1.3828472,1.7106912
300496.SZ,20250630,0.118789986,0.42231724,1.1678814,1.7089887
603871.SS,20250630,0.20568688,0.3341767,1.1680351,1.7078987
002601.SZ,20250630,0.10267003,0.33111462,1.2731893,1.706974
300642.SZ,20250630,0.17798017,0.021283,1.506791,1.7060542
600682.SS,20250630,0.12663244,0.15522334,1.4222234,1.7040792
600079.SS,20250630,0.1177177,0.11293253,1.4692304,1.6998806
600497.SS,20250630,0.15181279,0.1558263,1.3888959,1.696535
603859.SS,20250630,0.08412035,0.16358128,1.4460263,1.693728
000837.SZ,20250630,0.114666045,0.20860419,1.3676295,1.6908997
601600.SS,20250630,0.119699284,0.23016259,1.3399106,1.6897725
002946.SZ,20250630,0.14493622,0.18306586,1.3589175,1.6869196
603501.SS,20250630,0.14162238,0.18838462,1.356096,1.6861031
600867.SS,20250630,0.15995349,0.31290826,1.211626,1.6844878
000963.SZ,20250630,0.14489958,0.27248028,1.2657143,1.6830941
603218.SS,20250630,0.1469327,0.18680754,1.3492135,1.6829537
600600.SS,20250630,0.22481425,0.26706162,1.1901782,1.682054
603993.SS,20250630,0.14904891,0.25114778,1.2787551,1.6789517
002266.SZ,20250630,0.14829911,0.25567183,1.2743593,1.6783303
601858.SS,20250630,0.08018534,0.27898213,1.3154223,1.6745898
600851.SS,20250630,0.15133716,0.3584045,1.1579129,1.6676545
000783.SZ,20250630,0.18554606,0.42307934,1.0572299,1.6658553
600993.SS,20250630,0.04358395,0.1829339,1.4370797,1.6635975
002705.SZ,20250630,0.14433111,0.27069482,1.2423401,1.657366
600535.SS,20250630,0.10425533,0.16540512,1.3838679,1.6535283
000715.SZ,20250630,0.20204274,0.563256,0.8876407,1.6529396
600742.SS,20250630,0.22706552,0.2570134,1.1673582,1.651437
600885.SS,20250630,0.12619941,0.21167281,1.3115511,1.6494234
603187.SS,20250630,0.005096752,-0.03476858,1.6773949,1.6477231
300768.SZ,20250630,0.1821949,0.40270647,1.0594602,1.6443615
688596.SS,20250630,0.12023781,0.006366998,1.5163634,1.6429682
603823.SS,20250630,0.067048505,0.19943008,1.3693652,1.6358438
300395.SZ,20250630,0.17369165,0.1273416,1.3334979,1.6345311
600027.SS,20250630,0.15177529,0.16222784,1.3154212,1.6294243
300695.SZ,20250630,0.19078918,0.110921055,1.3238934,1.6256037
300413.SZ,20250630,0.21377058,0.12920466,1.2771971,1.6201724
600216.SS,20250630,0.0997446,0.29622355,1.2216709,1.6176391
002255.SZ,20250630,0.0880781,0.073208064,1.4534562,1.6147423
002399.SZ,20250630,0.12381449,0.13342425,1.3568242,1.6140629
002328.SZ,20250630,0.16301145,0.081918836,1.3660897,1.61102
603297.SS,20250630,0.18801625,0.11292109,1.3056606,1.6065979
600668.SS,20250630,0.03657906,0.055320412,1.510893,1.6027925
600812.SS,20250630,0.113382086,0.2122049,1.2760551,1.6016421
002879.SZ,20250630,0.13282709,0.118728966,1.3481227,1.5996788
603639.SS,20250630,0.21723004,0.18604264,1.1920731,1.5953457
603920.SS,20250630,0.10662009,0.11285207,1.3708372,1.5903094
603345.SS,20250630,0.11834164,0.20694384,1.262282,1.5875676
600507.SS,20250630,0.038997937,0.27251264,1.26739,1.5789006
600057.SS,20250630,0.14484921,0.15853855,1.2696351,1.5730228
600769.SS,20250630,0.16386035,0.35179552,1.0512462,1.566902
002152.SZ,20250630,0.2410345,0.09488109,1.2233815,1.5592971
600268.SS,20250630,0.14364536,0.19811717,1.2160544,1.557817
300308.SZ,20250630,0.14237003,0.2433807,1.1696739,1.5554247
603989.SS,20250630,0.19876027,0.17011663,1.1799053,1.5487822
603338.SS,20250630,0.15743889,-0.030708343,1.4213895,1.54812
002281.SZ,20250630,0.104557455,0.15195063,1.2816517,1.5381598
600219.SS,20250630,0.119760215,0.19460675,1.2218509,1.5362178
002614.SZ,20250630,0.10437973,0.18796602,1.2394016,1.5317473
002940.SZ,20250630,0.2701271,0.47127125,0.7897968,1.5311952
000338.SZ,20250630,0.13277249,0.23266134,1.1642128,1.5296466
603888.SS,20250630,-0.17595966,-0.19575733,1.884129,1.5124121
000876.SZ,20250630,0.12527569,0.16308913,1.2236,1.5119648
600499.SS,20250630,0.072727814,0.16612121,1.2701892,1.5090382
002299.SZ,20250630,0.09152509,0.23371097,1.1824938,1.5077299
002422.SZ,20250630,0.1498427,0.24237517,1.113748,1.5059658
002880.SZ,20250630,0.12216586,-0.092226535,1.4758265,1.5057658
300457.SZ,20250630,0.10145922,0.23854253,1.1653028,1.5053046
603013.SS,20250630,0.08151324,0.12853065,1.2918001,1.501844
000498.SZ,20250630,0.08465122,0.22434393,1.1925545,1.5015496
002484.SZ,20250630,0.1611057,0.15363082,1.1764061,1.4911427
000729.SZ,20250630,0.22349961,0.09134373,1.1757141,1.4905574
000990.SZ,20250630,0.13752182,0.17778161,1.1734488,1.4887522
000969.SZ,20250630,0.119102195,0.17664596,1.1898026,1.4855509
688029.SS,20250630,0.06456716,0.30315378,1.1170433,1.4847642
002831.SZ,20250630,0.120702595,0.21359399,1.1475956,1.4818922
000811.SZ,20250630,0.15532887,0.15369013,1.1726525,1.4816715
600830.SS,20250630,0.07478009,-0.36057785,1.7671919,1.481394
600282.SS,20250630,0.12035915,0.1898937,1.1620648,1.4723177
002412.SZ,20250630,0.1581931,0.13633266,1.1766826,1.4712083
600900.SS,20250630,0.12299003,0.2601371,1.0835106,1.4666378
603127.SS,20250630,0.10454576,0.36761984,0.9934387,1.4656043
600999.SS,20250630,0.21060409,0.41860995,0.83623123,1.4654453
600415.SS,20250630,0.08637898,0.14864442,1.2265121,1.4615355
002972.SZ,20250630,0.17036007,0.08078751,1.2083328,1.4594803
300699.SZ,20250630,0.15124004,0.29568473,1.009697,1.4566216
600379.SS,20250630,0.1634403,0.11099687,1.1774429,1.4518801
002736.SZ,20250630,0.11972226,0.13394853,1.1966847,1.4503555
002890.SZ,20250630,0.083471105,0.10793272,1.2565734,1.4479773
600794.SS,20250630,0.09022926,0.04039225,1.3152612,1.4458828
600295.SS,20250630,0.16301535,0.102092594,1.1799885,1.4450965
603586.SS,20250630,0.078515515,0.22757831,1.1388958,1.4449896
603387.SS,20250630,0.06775141,0.1593531,1.2153993,1.4425038
600741.SS,20250630,0.095631406,0.15702143,1.1889697,1.4416225
600351.SS,20250630,0.019943316,0.031115174,1.3903604,1.4414189
000061.SZ,20250630,0.1122964,0.18532965,1.1430448,1.4406708
000893.SZ,20250630,0.089015946,0.1169872,1.2337556,1.4397588
300824.SZ,20250630,0.09098695,0.16743669,1.1793283,1.437752
600378.SS,20250630,0.1564161,0.23529717,1.0435528,1.435266
300048.SZ,20250630,0.06488314,0.17362735,1.1966155,1.435126
000777.SZ,20250630,0.08704899,0.18977049,1.1521308,1.4289503
600389.SS,20250630,0.15951224,0.12925479,1.1313695,1.4201365
002376.SZ,20250630,0.11068411,0.19654605,1.1079202,1.4151504
002605.SZ,20250630,0.123011544,0.18676528,1.1037214,1.4134982
002538.SZ,20250630,0.013843138,0.18331107,1.2161779,1.4133321
600976.SS,20250630,0.17615853,0.22841409,1.0080323,1.4126049
603022.SS,20250630,0.056102443,0.18944493,1.166512,1.4120594
002158.SZ,20250630,0.12215544,0.2004511,1.0875655,1.4101721
300788.SZ,20250630,0.090144694,0.19614062,1.1214831,1.4077684
600436.SS,20250630,0.1777427,0.21458563,1.0134858,1.4058142
002546.SZ,20250630,0.053113896,0.2801471,1.0719776,1.4052386
603883.SS,20250630,0.10973559,0.15038893,1.1402647,1.4003892
600887.SS,20250630,0.15912537,0.23875746,0.99958205,1.3974649
600161.SS,20250630,0.19560315,0.2806476,0.9103862,1.386637
603025.SS,20250630,0.14903794,0.2403141,0.99391913,1.3832712
002734.SZ,20250630,0.09149487,0.17407295,1.112329,1.3778968
600714.SS,20250630,0.18271275,0.31133994,0.8804425,1.3744953
002703.SZ,20250630,0.028042395,0.27452073,1.0672624,1.3698256
603063.SS,20250630,0.19143589,0.22324678,0.9524002,1.3670828
600763.SS,20250630,0.11404692,0.2416853,1.0036856,1.3594178
600548.SS,20250630,0.111098856,0.16401544,1.083631,1.3587453
300109.SZ,20250630,0.096442714,0.15907863,1.1021359,1.3576572
603986.SS,20250630,0.12096812,0.15153453,1.0832478,1.3557504
002729.SZ,20250630,0.16576213,0.1420097,1.0430927,1.3508645
002128.SZ,20250630,0.03495117,0.4133542,0.88952863,1.337834
002545.SZ,20250630,0.11997329,0.13198003,1.0833542,1.3353076
600729.SS,20250630,0.083977744,0.15838292,1.0891964,1.3315572
600787.SS,20250630,0.111028984,0.16488358,1.0526053,1.3285179
000528.SZ,20250630,0.122332126,0.060373574,1.1439978,1.3267035
600875.SS,20250630,0.100380346,0.21177611,1.0142014,1.3263578
603380.SS,20250630,0.22750558,0.041252136,1.0529149,1.3216726
600299.SS,20250630,0.30346355,0.035040885,0.97886336,1.3173678
002835.SZ,20250630,0.11142178,0.1414279,1.055799,1.3086487
002010.SZ,20250630,0.1051902,0.15065941,1.0526274,1.308477
601058.SS,20250630,0.10372798,0.17741582,1.0252495,1.3063933
601939.SS,20250630,0.15908669,0.19821098,0.9489299,1.3062276
000728.SZ,20250630,0.193641,0.37269482,0.7379904,1.3043262
603686.SS,20250630,0.17426313,0.17581591,0.95318127,1.3032603
000931.SZ,20250630,0.101836756,0.10444525,1.0961018,1.3023838
600637.SS,20250630,0.12921442,0.14220342,1.017506,1.2889239
600352.SS,20250630,0.09107283,0.21282259,0.9829228,1.2868183
002096.SZ,20250630,0.10520662,0.16053227,1.0201905,1.2859294
000880.SZ,20250630,-0.0636788,0.0113915205,1.3370221,1.2847347
600558.SS,20250630,0.06377022,0.14440331,1.0755601,1.2837336
603556.SS,20250630,0.13730814,0.20069829,0.94494295,1.2829494
000869.SZ,20250630,0.09946822,0.22263369,0.9577248,1.2798266
002881.SZ,20250630,0.116057694,0.17520162,0.986745,1.2780043
300037.SZ,20250630,0.10342632,0.11674401,1.048438,1.2686083
600392.SS,20250630,0.053610582,0.14873877,1.0659153,1.2682647
600382.SS,20250630,0.07515292,0.09804103,1.0948635,1.2680575
603605.SS,20250630,0.18965931,0.20535502,0.87070227,1.2657166
002939.SZ,20250630,0.1738404,0.33538124,0.756282,1.2655036
000776.SZ,20250630,0.15880844,0.25044796,0.85288537,1.2621417
002443.SZ,20250630,0.19428699,0.19103184,0.8755586,1.2608774
300434.SZ,20250630,0.09421776,0.30360308,0.85675347,1.2545743
300748.SZ,20250630,0.10190268,0.17702976,0.9747548,1.2536873
603867.SS,20250630,0.090424225,-0.058525145,1.2216074,1.2535065
600489.SS,20250630,0.10416789,0.1619806,0.98015285,1.2463014
002539.SZ,20250630,0.0974253,0.15479407,0.9938109,1.2460303
002837.SZ,20250630,0.13934006,0.15402994,0.950827,1.244197
002536.SZ,20250630,0.12734829,0.14465085,0.97135186,1.243351
601567.SS,20250630,0.11533968,0.14403513,0.9811189,1.2404938
601166.SS,20250630,0.09295051,0.19549337,0.94941616,1.23786
002294.SZ,20250630,0.1962234,0.13989422,0.90143406,1.2375517
002311.SZ,20250630,0.08577803,0.13191149,1.0187831,1.2364726
300100.SZ,20250630,0.103250176,0.20523795,0.92114353,1.2296317
002517.SZ,20250630,-0.048669916,0.42228737,0.85578823,1.2294056
688257.SS,20250630,0.017087627,0.08651975,1.1232402,1.2268476
000403.SZ,20250630,0.12504227,0.13683507,0.9627882,1.2246656
002526.SZ,20250630,0.061667565,0.11706105,1.0449591,1.2236876
002183.SZ,20250630,0.1272095,0.10329059,0.9900813,1.2205814
000581.SZ,20250630,0.043406356,0.18672177,0.988637,1.2187651
002179.SZ,20250630,0.11051442,0.0841746,1.0209728,1.2156619
300468.SZ,20250630,0.11071734,0.19102451,0.9073777,1.2091196
000758.SZ,20250630,0.09634675,0.06588617,1.0463848,1.2086177
300232.SZ,20250630,0.02566104,0.1190829,1.0627234,1.2074673
600596.SS,20250630,0.089264944,0.13620403,0.97507393,1.2005429
603229.SS,20250630,0.18782361,0.060137182,0.9504684,1.1984292
002394.SZ,20250630,0.07371651,0.14683267,0.9777045,1.1982538
600577.SS,20250630,0.0664856,0.13098547,0.9967861,1.1942571
000917.SZ,20250630,0.055774946,0.12710807,1.0104551,1.1933382
603757.SS,20250630,0.108019695,0.0036726594,1.0804472,1.1921395
000017.SZ,20250630,0.22538061,0.77873385,0.18496323,1.1890777
002931.SZ,20250630,0.118981734,0.09194529,0.9755372,1.1864642
300638.SZ,20250630,0.052257556,0.12538204,1.008468,1.1861076
300595.SZ,20250630,0.20091476,0.10434818,0.8805132,1.1857761
300679.SZ,20250630,0.17079042,0.058297604,0.9478309,1.176919
002481.SZ,20250630,0.12972051,0.35867587,0.6811491,1.1695455
601728.SS,20250630,0.097135335,0.18088034,0.88970566,1.1677213
002648.SZ,20250630,0.07622324,-0.06158322,1.1530503,1.1676903
600817.SS,20250630,0.14616986,0.4625121,0.55638885,1.1650708
601311.SS,20250630,0.07295708,0.17390844,0.9176856,1.1645511
603277.SS,20250630,0.13868259,0.0861015,0.93941426,1.1641984
000681.SZ,20250630,0.07340197,0.10098156,0.9882004,1.162584
300201.SZ,20250630,0.03193404,0.11202237,1.0180676,1.162024
000333.SZ,20250630,0.13425997,0.28839657,0.73862755,1.1612841
000705.SZ,20250630,0.18644954,0.124409586,0.83758974,1.148449
601698.SS,20250630,0.15885408,0.19631085,0.78418374,1.1393487
603267.SS,20250630,0.109331384,0.122149855,0.9064194,1.1379006
600063.SS,20250630,0.053846765,0.15878639,0.9233432,1.1359763
002626.SZ,20250630,0.096805766,0.12835625,0.8978008,1.1229628
603227.SS,20250630,0.14297618,0.15083686,0.82851255,1.1223257
300007.SZ,20250630,0.06449117,0.11611828,0.9391873,1.1197968
601216.SS,20250630,0.092801675,0.15039483,0.8764324,1.1196289
600731.SS,20250630,0.07499212,0.16685155,0.8673768,1.1092205
600587.SS,20250630,0.057204593,0.13529298,0.91625977,1.1087574
600278.SS,20250630,0.04188529,0.14429674,0.91828966,1.1044717
000672.SZ,20250630,0.05427334,0.17853746,0.8669677,1.0997784
600623.SS,20250630,0.07264499,0.14565745,0.87812304,1.0964255
600615.SS,20250630,-0.1548618,0.15829858,1.0914767,1.0949135
601319.SS,20250630,0.13445769,0.23057792,0.7291709,1.0942066
600449.SS,20250630,0.12013668,0.07957485,0.89307094,1.0927825
000933.SZ,20250630,0.12718748,0.29104266,0.67307556,1.0913057
600120.SS,20250630,0.053682152,0.13181743,0.8998358,1.0853354
600685.SS,20250630,0.049384,0.17213526,0.858448,1.0799673
600790.SS,20250630,0.11867,0.16318628,0.7920513,1.0739076
603236.SS,20250630,0.048286606,0.1288602,0.8936722,1.070819
002264.SZ,20250630,-0.152306,0.0055434704,1.215755,1.0689925
000959.SZ,20250630,0.082060605,0.12895915,0.8576791,1.0686989
603866.SS,20250630,0.18824281,0.24794635,0.62934506,1.0655342
600456.SS,20250630,0.057690818,0.15801647,0.8488128,1.0645201
600051.SS,20250630,0.051870454,0.116607994,0.8916168,1.0600953
603889.SS,20250630,0.04905637,0.13131693,0.8765305,1.0569038
603008.SS,20250630,0.033381764,0.10999438,0.90736604,1.0507421
002202.SZ,20250630,0.06185237,0.13215014,0.85347855,1.0474811
601018.SS,20250630,0.11046238,0.1590626,0.7713959,1.040921
601857.SS,20250630,0.08922395,0.14120683,0.80977786,1.0402086
600941.SS,20250630,0.054852504,0.17036697,0.80720115,1.0324206
002448.SZ,20250630,0.082755044,0.15199605,0.7973585,1.0321096
300099.SZ,20250630,0.05515382,0.2223325,0.75003684,1.0275232
002050.SZ,20250630,0.071473315,0.13521835,0.82010424,1.0267959
601899.SS,20250630,0.09339963,0.103086054,0.8289602,1.0254458
688122.SS,20250630,0.049486417,0.12294528,0.84546244,1.0178941
002046.SZ,20250630,0.042829875,0.097524315,0.87643826,1.0167924
600863.SS,20250630,0.08674578,0.099007696,0.8301512,1.0159047
603730.SS,20250630,0.106623724,0.116586,0.7866831,1.0098928
000680.SZ,20250630,0.07556544,0.15544257,0.7784964,1.0095044
002925.SZ,20250630,0.42463234,0.024212629,0.558712,1.0075569
000921.SZ,20250630,0.20788114,0.14453462,0.6529789,1.0053947
000786.SZ,20250630,0.071282655,0.1857759,0.7389364,0.995995
600377.SS,20250630,0.10069145,0.116952986,0.7774755,0.9951199
603309.SS,20250630,0.124014184,0.17945239,0.69162965,0.9950962
002639.SZ,20250630,0.06479098,0.018647194,0.91069317,0.9941313
600674.SS,20250630,0.06772132,0.14670888,0.7744236,0.9888538
601163.SS,20250630,0.074624375,0.12544426,0.7880831,0.9881517
002811.SZ,20250630,0.0773913,0.11647412,0.7920022,0.9858676
002807.SZ,20250630,0.09994027,-0.005393952,0.8904393,0.9849856
300119.SZ,20250630,0.0878375,0.12363294,0.77237344,0.98384386
002463.SZ,20250630,0.074340165,0.12466475,0.78225446,0.98125935
002396.SZ,20250630,0.15555817,-0.014936298,0.83719015,0.97781205
002583.SZ,20250630,0.105666906,0.104112834,0.7677654,0.97754514
600650.SS,20250630,0.032862995,-0.20899521,1.1510398,0.97490764
600131.SS,20250630,0.028718475,0.091356575,0.85022235,0.9702974
600008.SS,20250630,0.094748914,0.027259052,0.8463682,0.96837616
600664.SS,20250630,0.06822899,0.06719038,0.8300922,0.96551156
002653.SZ,20250630,0.06308235,0.13990101,0.76182353,0.9648069
002472.SZ,20250630,0.0946538,0.14005879,0.72906566,0.96377826
600267.SS,20250630,0.046845857,0.10171637,0.8151634,0.96372557
600549.SS,20250630,0.057671133,0.12503609,0.77019763,0.9529048
002919.SZ,20250630,-0.015827786,0.19627067,0.7697344,0.95017725
603680.SS,20250630,0.057843942,0.16856423,0.7235142,0.9499224
002440.SZ,20250630,0.12934463,0.05572197,0.76161253,0.9466791
600366.SS,20250630,0.059147287,0.08523771,0.8019973,0.9463823
601989.SS,20250630,0.06576237,0.12587795,0.75229764,0.94393796
300759.SZ,20250630,0.14823319,0.18755868,0.60682845,0.94262034
600882.SS,20250630,0.042272735,0.09045631,0.8065059,0.939235
001296.SZ,20250630,0.1527207,0.20876887,0.57285595,0.93434554
002896.SZ,20250630,0.05597057,0.13704321,0.73942673,0.9324405
600125.SS,20250630,0.08644183,0.13355556,0.7072139,0.9272113
600531.SS,20250630,0.05357978,0.10968155,0.7622124,0.9254737
600480.SS,20250630,0.05265783,0.13911042,0.7334671,0.92523533
603299.SS,20250630,0.006573964,0.09052083,0.8258095,0.92290425
300689.SZ,20250630,0.018147517,0.14574423,0.75893927,0.922831
601869.SS,20250630,0.058856893,0.12989363,0.73219836,0.92094886
300124.SZ,20250630,0.07133825,0.08352426,0.76582813,0.92069066
600429.SS,20250630,0.058331583,0.11524317,0.74631214,0.9198869
301160.SZ,20250630,0.06518243,0.0121593475,0.8320776,0.9094194
601825.SS,20250630,-0.021712642,-0.080966294,1.0098398,0.9071608
000756.SZ,20250630,0.058469806,0.09880152,0.74936485,0.9066362
000030.SZ,20250630,0.08795369,0.0668675,0.7493198,0.90414095
601228.SS,20250630,0.07022761,0.08052096,0.75213385,0.9028824
688508.SS,20250630,0.13044868,-0.08764836,0.8589746,0.9017749
000551.SZ,20250630,0.119890615,0.098205686,0.67772245,0.89581877
603916.SS,20250630,0.044370968,0.12166032,0.7223141,0.8883454
600482.SS,20250630,0.0591846,0.11033538,0.71651363,0.8860336
603079.SS,20250630,-0.035285782,-0.240219,1.160787,0.8852822
000801.SZ,20250630,0.036436263,0.096702784,0.7507715,0.88391054
002419.SZ,20250630,0.08759375,0.10930619,0.68484604,0.881746
300398.SZ,20250630,0.06716089,0.07473183,0.73816216,0.8800549
600019.SS,20250630,0.08002694,0.061828643,0.7367022,0.8785578
600426.SS,20250630,0.037077595,0.09832093,0.74300957,0.8784081
600694.SS,20250630,0.040097255,0.11518046,0.720299,0.87557673
600486.SS,20250630,0.07212691,0.065838575,0.7325282,0.8704937
603998.SS,20250630,0.05941001,0.13922796,0.6573478,0.85598576
000025.SZ,20250630,0.19618417,-0.04159522,0.69795036,0.8525393
600388.SS,20250630,0.04127123,0.09704551,0.7093121,0.84762883
600829.SS,20250630,0.038823474,0.10960153,0.6970247,0.8454497
600362.SS,20250630,0.06579594,0.054006785,0.72417307,0.8439758
002276.SZ,20250630,0.041851643,0.073741406,0.71502805,0.8306211
002787.SZ,20250630,0.04666351,0.09358159,0.6782011,0.81844616
600780.SS,20250630,0.074223295,0.1159049,0.6265273,0.8166555
002416.SZ,20250630,0.07520521,-0.0010286868,0.7238312,0.7980077
600595.SS,20250630,0.08346696,0.04121712,0.6714181,0.79610217
603979.SS,20250630,0.048084278,0.12335977,0.6210711,0.79251516
002126.SZ,20250630,0.053442974,0.09378284,0.6386831,0.7859089
603678.SS,20250630,0.048544187,0.12899086,0.60831416,0.7858492
000922.SZ,20250630,0.16712077,0.22599843,0.39067256,0.7837918
600103.SS,20250630,0.032424632,0.09823343,0.64919996,0.779858
600458.SS,20250630,0.037052784,0.11997339,0.62151706,0.77854323
002335.SZ,20250630,0.057498354,0.10163155,0.6189716,0.7781015
000623.SZ,20250630,0.0003242083,0.04102984,0.73555934,0.7769134
600218.SS,20250630,0.1092173,0.06790152,0.59495825,0.7720771
002935.SZ,20250630,-0.061077368,0.15083334,0.67106867,0.7608246
603301.SS,20250630,0.04679564,0.092635006,0.6167784,0.756209
002353.SZ,20250630,0.04577856,0.121986,0.5815933,0.7493578
300407.SZ,20250630,0.03974815,0.08201438,0.6241914,0.7459539
600612.SS,20250630,0.07944362,0.112853974,0.5444125,0.7367101
000524.SZ,20250630,-0.098284885,0.3028181,0.5246546,0.72918785
002041.SZ,20250630,0.13468543,-0.1155628,0.7058313,0.7249539
603311.SS,20250630,0.12503569,0.10413474,0.49555308,0.7247235
600150.SS,20250630,0.04391322,0.073094815,0.60287535,0.7198834
600866.SS,20250630,0.05439009,0.13007525,0.53024906,0.7147144
600373.SS,20250630,0.04019027,0.08837998,0.58279276,0.711363
601609.SS,20250630,0.05671728,0.040357202,0.6134392,0.7105137
601717.SS,20250630,0.049512137,0.10806131,0.55240375,0.7099772
002139.SZ,20250630,0.0835868,0.13217768,0.49165642,0.7074209
300415.SZ,20250630,0.048244197,0.046284378,0.61238253,0.7069111
000009.SZ,20250630,0.07778579,0.030242592,0.5920358,0.7000642
600061.SS,20250630,0.061622936,0.043155313,0.59194803,0.69672626
600320.SS,20250630,0.084560275,0.063455015,0.5450784,0.69309366
601127.SS,20250630,0.11032277,0.13016,0.44307274,0.6835555
300414.SZ,20250630,0.03740475,0.11203924,0.5321903,0.6816343
603833.SS,20250630,0.16711265,-0.020856708,0.53520966,0.6814656
000001.SZ,20250630,0.06277841,0.06733659,0.54510313,0.6752181
600864.SS,20250630,-0.035232294,-0.07631737,0.7865621,0.6750124
600585.SS,20250630,0.069955945,0.17178234,0.42871594,0.67045426
600642.SS,20250630,0.04499041,0.10690686,0.5181478,0.6700451
300296.SZ,20250630,0.08592355,0.04700288,0.5352453,0.66817176
000600.SZ,20250630,0.0570256,0.036571145,0.5729616,0.6665584
600989.SS,20250630,0.08906554,0.04444194,0.5274327,0.6609402
600765.SS,20250630,0.031599347,0.089336365,0.53838336,0.65931904
002091.SZ,20250630,0.05167753,0.054484874,0.55172086,0.6578833
002371.SZ,20250630,0.045436043,0.048555702,0.5612434,0.6552352
603969.SS,20250630,0.035567332,0.10591829,0.51069057,0.6521762
601101.SS,20250630,0.049032856,0.101786524,0.501298,0.6521174
601231.SS,20250630,0.043313015,0.09527293,0.50683874,0.64542466
000878.SZ,20250630,0.045305315,0.02602917,0.5707066,0.6420411
000733.SZ,20250630,-0.0050497465,0.03455016,0.6124933,0.6419937
002012.SZ,20250630,0.11557068,0.06469846,0.46127963,0.64154875
000902.SZ,20250630,0.21431457,-0.018770099,0.43334138,0.62888587
600210.SS,20250630,0.026809711,0.10124168,0.49873662,0.626788
600761.SS,20250630,0.070014045,0.044283837,0.50859267,0.62289053
300376.SZ,20250630,0.035705734,0.045903474,0.53984094,0.6214501
603090.SS,20250630,0.07011005,0.12668058,0.4238479,0.62063855
000586.SZ,20250630,-0.03428043,0.026109666,0.624213,0.6160422
688367.SS,20250630,0.07047056,0.0669983,0.4716484,0.60911727
600475.SS,20250630,0.026856858,0.081724554,0.48742867,0.5960101
300631.SZ,20250630,0.06727351,0.10271788,0.4229254,0.5929168
002409.SZ,20250630,0.08583206,0.048995554,0.4579084,0.592736
002204.SZ,20250630,0.01058789,0.023884863,0.551216,0.58568877
603613.SS,20250630,0.0851239,-0.074915856,0.55630684,0.56651485
002891.SZ,20250630,0.017238904,0.07109824,0.4766075,0.5649446
300101.SZ,20250630,0.041333664,0.029013723,0.4944725,0.5648199
601888.SS,20250630,0.044236515,0.040319234,0.47828007,0.5628358
002643.SZ,20250630,0.098738655,-0.080879,0.5422398,0.5600994
688109.SS,20250630,0.0680754,-0.017235786,0.50248146,0.55332106
300596.SZ,20250630,0.029809136,0.07990232,0.43424106,0.5439525
600338.SS,20250630,0.049781162,0.1450924,0.3396622,0.53453577
001872.SZ,20250630,0.04197653,-0.15769109,0.6467407,0.5310261
000973.SZ,20250630,0.023124147,0.08417684,0.4070471,0.5143481
002565.SZ,20250630,0.04879922,0.055657655,0.40104032,0.5054972
300697.SZ,20250630,0.029528547,0.09017205,0.38576394,0.50546455
601966.SS,20250630,0.02766912,0.05570385,0.4101563,0.49352926
600033.SS,20250630,0.044934455,0.07557687,0.3725438,0.49305514
002444.SZ,20250630,0.04348882,0.07785517,0.3685875,0.48993146
603707.SS,20250630,0.04484907,-0.065624714,0.50875056,0.4879749
603677.SS,20250630,0.017594475,0.08148289,0.38236737,0.48144472
002462.SZ,20250630,0.21257074,0.38010666,-0.11494446,0.47773296
603538.SS,20250630,0.018912394,0.0853506,0.3675226,0.4717856
000589.SZ,20250630,0.04835223,0.031451315,0.3885705,0.468374
600660.SS,20250630,0.026199032,0.04335779,0.39270163,0.46225846
600064.SS,20250630,0.0056846626,0.07575378,0.37929606,0.4607345
000657.SZ,20250630,0.01923192,0.001091361,0.43814218,0.45846546
000598.SZ,20250630,0.04398248,0.08768067,0.32549626,0.4571594
002647.SZ,20250630,0.018001664,-0.34998366,0.7874074,0.4554254
600819.SS,20250630,0.016116474,0.086737305,0.351781,0.4546348
300001.SZ,20250630,0.04304788,0.04797271,0.36189187,0.45291245
603663.SS,20250630,0.14823051,0.1634892,0.12688899,0.4386087
000417.SZ,20250630,0.013946105,0.076888055,0.3406515,0.43148565
002815.SZ,20250630,0.038798217,0.068734854,0.31158042,0.4191135
000028.SZ,20250630,0.02185278,0.02716142,0.3647132,0.4137274
600298.SS,20250630,0.03364976,-0.0010958016,0.379045,0.41159898
000887.SZ,20250630,0.03922941,0.025513083,0.34573138,0.41047388
600520.SS,20250630,-0.06327927,-0.2163433,0.68496656,0.405344
000065.SZ,20250630,0.032906372,0.07181752,0.2906326,0.39535648
601222.SS,20250630,-5.590543e-05,0.014772922,0.37773472,0.39245173
002823.SZ,20250630,0.024615977,0.06549993,0.3009938,0.3911097
002334.SZ,20250630,-0.025610533,-0.012601763,0.42888153,0.39066923
002452.SZ,20250630,0.084170565,0.03997162,0.26392645,0.38806862
600498.SS,20250630,0.054253418,0.04789543,0.28511512,0.38726395
300739.SZ,20250630,0.095164075,-0.0038928688,0.29539526,0.38666648
001696.SZ,20250630,0.014518548,0.044074,0.32517666,0.3837692
000823.SZ,20250630,-0.00070403144,0.05568093,0.31782758,0.3728045
300505.SZ,20250630,0.05510821,0.09481183,0.2175709,0.36749095
002008.SZ,20250630,-0.009458046,-0.014095992,0.38727123,0.3637172
601339.SS,20250630,0.0031946488,0.059482276,0.2873298,0.3500067
000700.SZ,20250630,0.0056339838,0.00371176,0.34013307,0.3494788
002670.SZ,20250630,0.027302284,-0.00025883317,0.31538332,0.34242678
603363.SS,20250630,0.19685437,-0.2226542,0.35966575,0.33386594
601689.SS,20250630,0.012843389,0.1142399,0.20499766,0.33208096
300698.SZ,20250630,0.00041500106,-0.030241728,0.35766578,0.32783905
300507.SZ,20250630,0.18268387,0.1086317,0.030295193,0.32161075
603319.SS,20250630,0.0041129477,0.053996474,0.26324558,0.32135502
002061.SZ,20250630,0.02804776,0.013267487,0.27662498,0.31794024
300484.SZ,20250630,0.06605081,-0.0022206008,0.2526276,0.3164578
603089.SS,20250630,0.037488837,0.0858883,0.19187415,0.3152513
002627.SZ,20250630,-0.013417613,0.067913145,0.25531888,0.30981442
300260.SZ,20250630,0.006602902,0.06644821,0.23397464,0.30702573
002683.SZ,20250630,-0.0010183267,0.013192356,0.28986442,0.30203846
603590.SS,20250630,0.1889274,-0.09679672,0.20089817,0.29302883
601968.SS,20250630,0.0023394711,0.061347693,0.22843087,0.292118
002054.SZ,20250630,0.019673634,0.034688383,0.23741549,0.29177752
603799.SS,20250630,-0.0010700636,-0.030401736,0.32246292,0.29099113
300553.SZ,20250630,0.14923213,0.04994306,0.090663135,0.2898383
002023.SZ,20250630,0.020262081,0.04681322,0.21763712,0.28471243
002941.SZ,20250630,0.01890542,0.06969753,0.19124562,0.27984858
002788.SZ,20250630,0.013282154,-0.001537472,0.26124203,0.2729867
603308.SS,20250630,0.022017319,0.059135705,0.1897955,0.27094853
000726.SZ,20250630,0.009548727,0.06682634,0.19441897,0.27079403
002049.SZ,20250630,0.04334976,0.22694656,-0.0036270618,0.26666927
002521.SZ,20250630,0.0037075765,0.025551856,0.22641385,0.2556733
000905.SZ,20250630,0.0033990778,-0.002852708,0.2543071,0.25485346
603035.SS,20250630,-0.01225866,0.04842761,0.21559823,0.2517672
600262.SS,20250630,-0.10993911,-0.05059004,0.4105937,0.25006455
000062.SZ,20250630,0.013461728,-0.012191623,0.2482022,0.2494723
600697.SS,20250630,0.019792635,-0.009337664,0.22754556,0.23800053
003003.SZ,20250630,0.013873566,0.03489819,0.17949986,0.22827162
603050.SS,20250630,0.047535945,0.06923792,0.10255921,0.21933307
600583.SS,20250630,-0.01257674,0.015506506,0.2089181,0.21184786
300274.SZ,20250630,0.053299103,0.04466781,0.09197271,0.18993962
600031.SS,20250630,0.00303467,0.0070213974,0.17164814,0.18170421
002125.SZ,20250630,0.0242032,0.07726589,0.07885668,0.18032576
000039.SZ,20250630,0.035283152,-0.0043509603,0.14397442,0.17490661
002140.SZ,20250630,0.033874113,0.019985706,0.11953741,0.17339723
601187.SS,20250630,-0.058431055,-0.06795362,0.29127902,0.16489434
603009.SS,20250630,0.010810468,0.03274998,0.11841369,0.16197413
600301.SS,20250630,-0.017486911,-0.07243088,0.24241805,0.15250026
300529.SZ,20250630,0.28151205,-0.010171592,-0.12060547,0.15073499
300154.SZ,20250630,0.00868215,0.0655272,0.046310067,0.120519415
300360.SZ,20250630,0.20519754,-0.19246653,0.10697234,0.11970335
600176.SS,20250630,-0.02660079,0.020044595,0.12377536,0.117219165
000833.SZ,20250630,0.03552339,-0.037538707,0.105329484,0.10331416
002692.SZ,20250630,0.00901391,-0.016480684,0.10699916,0.09953238
002203.SZ,20250630,0.00637402,0.0016113222,0.09139365,0.09937899
601985.SS,20250630,0.0061030127,-0.15512148,0.236736,0.08771753
000708.SZ,20250630,0.0035539158,-0.031054735,0.10932839,0.081827566
601975.SS,20250630,0.018565793,-0.10035759,0.15810925,0.076317444
002250.SZ,20250630,-0.0027005635,0.06799802,-0.0016669035,0.06363055
000404.SZ,20250630,0.021146808,0.03757772,0.0036528707,0.062377397
600283.SS,20250630,0.006376434,0.053946733,-0.0015466809,0.058776487
002284.SZ,20250630,0.017638136,0.024223536,-0.000729233,0.04113244
600011.SS,20250630,0.0405456,-0.08349159,0.08394337,0.040997375
002922.SZ,20250630,-0.02013303,-0.034974545,0.089940965,0.03483339
002911.SZ,20250630,-0.016769405,-0.0023280084,0.041656047,0.022558633
002247.SZ,20250630,-0.0059399717,0.1479623,-0.13217163,0.009850696
301011.SZ,20250630,0.029443908,-0.011809319,-0.00952661,0.008107979
600130.SS,20250630,0.107695654,-0.022032708,-0.0820837,0.003579244
002530.SZ,20250630,0.08068018,-0.17710248,0.0729208,-0.0235015
600236.SS,20250630,0.03786658,0.05121398,-0.1164341,-0.02735354
601088.SS,20250630,-0.012442853,0.05836007,-0.10165751,-0.055740293
000570.SZ,20250630,-0.0029511116,-0.071398675,0.006888747,-0.06746104
002603.SZ,20250630,-0.05551293,0.08519727,-0.112302065,-0.08261773
300733.SZ,20250630,0.012686018,0.028927237,-0.12632042,-0.08470717
002611.SZ,20250630,0.059096556,-0.058950216,-0.09310156,-0.09295522
002849.SZ,20250630,0.04380204,0.02885297,-0.19173867,-0.11908366
601918.SS,20250630,-0.0073002987,0.008176297,-0.12007925,-0.119203255
002895.SZ,20250630,0.0047898777,0.024452657,-0.15660042,-0.12735789
600824.SS,20250630,0.0598653,0.0074139833,-0.19567166,-0.12839238
002116.SZ,20250630,0.003324557,0.038453937,-0.17279005,-0.13101156
300272.SZ,20250630,0.012913648,0.0010409653,-0.14522052,-0.13126591
603351.SS,20250630,-0.01183502,-0.006827086,-0.12695357,-0.14561568
600428.SS,20250630,-0.0048824362,-0.007188648,-0.13507795,-0.14714904
000099.SZ,20250630,-0.026869278,-0.042111665,-0.13592362,-0.20490457
688236.SS,20250630,0.0702354,0.28021678,-0.574028,-0.22357583
601818.SS,20250630,-0.03816488,-0.0485802,-0.14146912,-0.2282142
002913.SZ,20250630,-0.024717044,0.020201951,-0.24278331,-0.2472984
002467.SZ,20250630,-0.025234234,-0.07524881,-0.1556133,-0.25609636
600099.SS,20250630,0.020045508,0.22938463,-0.56934303,-0.3199129
300465.SZ,20250630,-0.015231129,-0.23076198,-0.08351496,-0.32950807
002246.SZ,20250630,-0.008014303,0.14271745,-0.47639775,-0.3416946
001207.SZ,20250630,0.14751925,0.004255444,-0.49635792,-0.3445832
002209.SZ,20250630,-0.031244557,0.0041528344,-0.3253666,-0.3524583
002350.SZ,20250630,-0.003970254,-0.10944429,-0.25754586,-0.3709604
601901.SS,20250630,0.06150641,-0.20095089,-0.23231268,-0.37175715
000411.SZ,20250630,0.04941984,-0.16996485,-0.2698618,-0.3904068
300079.SZ,20250630,0.045002867,0.083746165,-0.5258305,-0.3970815
600613.SS,20250630,-0.172717,-0.5747637,0.34876615,-0.3987146
300371.SZ,20250630,-0.1266884,0.20356306,-0.5210818,-0.44420713
002201.SZ,20250630,-0.020020243,0.013813198,-0.47337162,-0.47957867
300153.SZ,20250630,-0.06913723,-0.08678284,-0.42145264,-0.5773727
600269.SS,20250630,-0.03458817,-0.08820543,-0.45992938,-0.58272296
600518.SS,20250630,-0.039243814,-0.074633,-0.54466367,-0.6585405
002053.SZ,20250630,-0.076878324,-0.14206064,-0.44399932,-0.6629383
002635.SZ,20250630,-0.013376933,-0.0087610185,-0.6565811,-0.67871904
002689.SZ,20250630,-0.03491352,-0.27062526,-0.37771797,-0.68325675
002765.SZ,20250630,-0.04408546,-0.22754446,-0.42026886,-0.6918988
000950.SZ,20250630,-0.035249796,-0.14149502,-0.52546656,-0.7022114
002966.SZ,20250630,-0.10847299,-0.20273918,-0.42916423,-0.7403764
000936.SZ,20250630,-0.11107345,-0.20796731,-0.47545236,-0.79449314
600313.SS,20250630,-0.09574257,-0.37840703,-0.3968647,-0.8710143
300200.SZ,20250630,0.10248269,0.15494987,-1.1450049,-0.8875723
002619.SZ,20210930,-0.39674816,-0.008903295,-0.50606775,-0.9117192
002232.SZ,20250630,0.019516308,0.1393815,-1.1309246,-0.97202677
603499.SS,20250630,-0.01930308,-0.14356881,-0.9101316,-1.0730035
002235.SZ,20250630,0.14361627,0.054063052,-1.3881842,-1.1905049
603558.SS,20250630,-0.04735866,-0.18329847,-1.002974,-1.2336311
000038.SZ,20220930,-0.2760931,-0.037946314,-0.9287627,-1.2428021
600795.SS,20250630,-0.06666203,-0.31809005,-0.9365386,-1.3212907
603268.SS,20250630,-1.1937758,-1.921062,1.7468545,-1.3679831
000550.SZ,20250630,-0.2653708,-0.55679584,-0.69450337,-1.51667
002290.SZ,20250630,-0.15911268,-0.19893938,-1.3903149,-1.7483671
601016.SS,20250630,-0.13033108,-0.23761246,-1.5415345,-1.9094781
300150.SZ,20250630,-0.103747234,-0.3415364,-1.5663525,-2.0116363
600030.SS,20250630,-0.17867884,-0.31489635,-1.6128589,-2.106434
300499.SZ,20250630,-0.05480666,0.15726891,-2.3952422,-2.29278
600901.SS,20250630,-0.08645786,-0.38277018,-1.8273786,-2.2966065
000901.SZ,20250630,-0.12601851,-0.54611325,-1.7040162,-2.376148
300098.SZ,20250630,-0.071153745,-0.3411308,-2.145434,-2.5577185
300059.SZ,20250630,-0.2335322,-0.36110836,-2.202935,-2.7975755
000539.SZ,20250630,-0.059314426,-0.6785828,-2.742977,-3.480874
603603.SS,20230930,-0.5320924,-1.0167748,-3.007271,-4.556138
300662.SZ,20250630,-0.28935608,-0.42536324,-11.6228075,-12.337526
002630.SZ,20250630,-0.47499004,-0.66105044,-13.035134,-14.171175
002172.SZ,20250630,-3.7290475,-2.7038953,-7.797178,-14.230121
